StartDate,EndDate,Status,Progress,Duration_inSeconds_,Finished,RecordedDate,ResponseId,DistributionChannel,UserLanguage,Q1,Q1_4_TEXT,Q5,Q9_1,Q8,Q8_2,Q10,Q11,Q11_6_TEXT,Q12,Q14,Q15,Q16,Q17_1,Q17_2,Q17_3,Q18,Q19,Q20_1,Q20_2,Q20_3,Q21_1,Q21_2,Q21_3,Q21_4,Q21_5,Q21_6,Q21_7,Q21_8,Q21_9,Q21_10,Q21_11,Q21_12,Q21_13,Q21_14,Q21_15,Q21_16,Q21_17,Q21_18,Q21_19,Q21_20,Q21_21,Q21_22,Q21_23,Q21_24,Q21_25,Q21_26,Q21_27,Q21_28,Q21_29,Q21_30,Q21_31,Q22,Q23,Q24,Q25,Q26,Q27,Q28,Q29,id,clinical,actEng,perAbi,musTra,sinAbi,emo,gen,probeACC,totalBias,totalBiasM,totalBiasS,resConsis_subj,resConsis_cdf,percResp_Music_1,percResp_Music_2,percResp_Music_3,percResp_Music_4,percResp_Music_5,percResp_Speech_1,percResp_Speech_2,percResp_Speech_3,percResp_Speech_4,percResp_Speech_5
29-Sep-2021 14:58:24,29-Sep-2021 15:01:26,0,100,182,1,29-Sep-2021 15:01:27,R_2tsCw1mlcqWrpT1,anonymous,EN,1,,18,4,"i listened for rhythms","this was harder, i tried to listen for different inflections",1,1,,2,korean,english,,86,100,,1,,60,100,,6,7,6,5,7,6,7,6,1,2,1,7,1,1,7,7,2,7,7,7,4,7,5,6,7,7,1,6,7,5,7,7,7,5,5,6,4,7,"flute",41657,0,53,58,43,33,42,102,1,0.506666666666667,0.5,0.5,0.493333333333333,0.466613640322655,1.56666666666667,1.5,1.46666666666667,1.5,1.46666666666667,1.56666666666667,1.33333333333333,1.6,1.5,1.56666666666667
29-Sep-2021 17:45:45,29-Sep-2021 17:52:17,0,100,391,1,29-Sep-2021 17:52:17,R_1jdN4GYWlKjrZtn,anonymous,EN,1,,18,4,"pauses in between, change in pitch","changes in pitch (shouldn't be very monotone)",1,1,,2,mandarin,english,french,96,92,39,5,13,100,93,2,3,5,3,3,5,5,6,4,3,5,3,5,4,2,6,5,4,5,4,4,5,5,3,4,6,4,4,4,5,4,5,6,6,2,6,7,5,6,"piano",41470,0,35,43,40,29,28,82,1,0.533333333333333,0.526666666666667,0.526666666666667,0.546666666666667,0.879120977109155,1.6,1.63333333333333,1.43333333333333,1.4,1.56666666666667,1.43333333333333,1.6,1.6,1.5,1.56666666666667
29-Sep-2021 18:02:07,29-Sep-2021 18:04:03,0,100,115,1,29-Sep-2021 18:04:03,R_265R7RMi1g71Nix,anonymous,EN,1,,22,3,"","",1,1,,2,chinese,english,french,100,100,100,2,14,100,100,25,4,4,4,4,4,4,4,4,4,4,4,4,4,4,4,4,4,4,4,4,4,4,4,4,4,4,4,4,4,4,4,4,3,4,3,3,2,5,"",41561,0,37,36,23,28,24,69,1,0.48,0.473333333333333,0.473333333333333,0.506666666666667,0.589084982276736,1.46666666666667,1.4,1.4,1.6,1.5,1.66666666666667,1.46666666666667,1.3,1.6,1.4
29-Sep-2021 18:35:59,29-Sep-2021 18:52:01,0,100,962,1,29-Sep-2021 18:52:02,R_3oSLRVvGvHHzBME,anonymous,EN,1,,18,4,"I identified an excerpt as music if the pitch of the sound was constant throughout with few pauses in between.","I identified an excerpt as speech if the pitch of the sound kept going high and low.",1,1,,3,Nepali,English,Hindi,100,90,60,3,5,100,100,40,5,6,2,3,5,6,7,7,1,4,3,5,3,4,3,5,3,6,6,7,5,6,4,6,7,6,3,5,6,3,7,4,2,1,1,4,1,2,"Keyboard",42102,0,34,48,21,29,38,73,1,0.393333333333333,0.406666666666667,0.406666666666667,0.586666666666667,0.950793884771461,1.5,1.46666666666667,1.4,1.23333333333333,1.43333333333333,1.4,1.3,1.4,1.43333333333333,1.36666666666667
29-Sep-2021 20:19:34,29-Sep-2021 20:28:06,0,100,511,1,29-Sep-2021 20:28:06,R_0c9PU9mlcBnVLhf,anonymous,EN,2,,20,4,"The fluency of the noice","The gaps and the frequency of the noices",1,2,,2,Chinese,English,Spanish,100,90,50,5,15,55,40,5,5,3,2,5,7,6,6,2,2,6,3,6,2,4,6,7,5,5,5,6,2,7,3,6,7,4,6,5,5,5,7,4,3,4,3,4,2,4,"Guitar",41907,0,40,51,22,31,34,76,1,0.533333333333333,0.586666666666667,0.586666666666667,0.64,0.999748891109176,1.63333333333333,1.36666666666667,1.73333333333333,1.53333333333333,1.66666666666667,1.26666666666667,1.56666666666667,1.5,1.46666666666667,1.6
29-Sep-2021 21:40:38,29-Sep-2021 21:44:56,0,100,257,1,29-Sep-2021 21:44:56,R_3LcI0P2WxqEGh1m,anonymous,EN,1,,19,3,"More things that sounded like beats rather than sounds","Things like breath",1,1,,2,English,,,100,NaN,,NaN,,100,NaN,,7,7,5,2,3,6,5,3,2,3,4,2,3,7,7,7,5,7,6,7,2,6,7,7,4,5,6,7,7,5,7,1,1,1,1,1,1,7,"None",41513,0,50,39,8,29,40,65,1,0.603333333333333,0.586666666666667,0.586666666666667,0.46,0.0774897173482431,1.5,1.66666666666667,1.6,1.6,1.56666666666667,1.63333333333333,1.63333333333333,1.7,1.6,1.53333333333333
29-Sep-2021 22:16:55,29-Sep-2021 22:22:47,0,100,351,1,29-Sep-2021 22:22:47,R_yWOHiy77N5apcWZ,anonymous,EN,2,,19,4,"Rhythm","Pauses and inflection",1,1,,2,English,Spanish,,100,67,,1,,80,20,,5,5,5,3,5,6,2,6,1,4,4,7,4,6,7,7,4,5,5,7,1,5,4,6,4,6,7,7,5,3,7,3,3,3,1,5,2,6,"piano",41911,0,52,46,17,25,38,72,0.916666666666667,0.5,0.473333333333333,0.473333333333333,0.4,0.0087988459643929,1.46666666666667,1.36666666666667,1.56666666666667,1.43333333333333,1.53333333333333,1.53333333333333,1.43333333333333,1.56666666666667,1.63333333333333,1.46666666666667
29-Sep-2021 22:58:35,29-Sep-2021 23:01:41,0,100,185,1,29-Sep-2021 23:01:41,R_2upxy5TbzaqrKzo,anonymous,EN,1,,21,3,"The harmony of the melody.","The irregular pattern of the sound",1,1,,1,Bengali,English,,100,96,,16,,65,35,,2,3,2,3,2,3,5,4,3,4,3,5,5,4,4,4,4,2,4,5,7,2,4,4,3,4,4,4,4,6,5,2,1,1,1,1,1,1,"",41753,0,23,30,14,31,26,62,0.916666666666667,0.556666666666667,0.566666666666667,0.566666666666667,0.446666666666667,0.0834019188810513,1.66666666666667,1.46666666666667,1.56666666666667,1.5,1.63333333333333,1.53333333333333,1.43333333333333,1.53333333333333,1.6,1.63333333333333
29-Sep-2021 23:05:33,29-Sep-2021 23:11:13,0,100,340,1,29-Sep-2021 23:11:13,R_30qplNxrZSggrLv,anonymous,EN,1,,21,4,"sounds like","sounds like",1,2,,2,Chinese,English,,90,75,,5,,75,25,,5,6,4,6,3,3,7,4,2,5,3,5,2,6,6,6,6,5,5,6,3,5,2,4,5,4,5,5,5,5,7,5,3,1,1,5,1,2,"Voice",42033,0,36,42,20,33,36,77,1,0.51,0.493333333333333,0.493333333333333,0.593333333333333,0.991083906010828,1.66666666666667,1.3,1.53333333333333,1.5,1.46666666666667,1.5,1.46666666666667,1.5,1.63333333333333,1.53333333333333
30-Sep-2021 01:09:56,30-Sep-2021 01:15:02,0,100,306,1,30-Sep-2021 01:15:03,R_2zkYsSVP76Ooavc,anonymous,EN,1,,19,4,"","",1,2,,2,Chinese,English,,99,99,,9,,93,98,,5,4,4,5,5,5,5,5,5,3,4,5,3,3,5,5,4,5,5,5,4,5,5,5,5,5,5,5,5,5,5,5,4,1,1,5,3,4,"piano",41567,0,38,42,26,30,27,77,1,0.473333333333333,0.466666666666667,0.466666666666667,0.493333333333333,0.453628355512102,1.43333333333333,1.46666666666667,1.4,1.66666666666667,1.36666666666667,1.73333333333333,1.5,1.43333333333333,1.36666666666667,1.36666666666667
30-Sep-2021 12:15:51,30-Sep-2021 12:22:53,0,100,422,1,30-Sep-2021 12:22:54,R_1d4UbAPv8O9LjLJ,anonymous,EN,1,,18,4,"The patterns of the sound, and if there were abnormal or unusual amounts of breaking or staccato between sounds, or if there appeared to be pattern or rhythm to the breaks.","If it seemed to follow the flow of what I know speech to sound like. If there was a lot of breaking, or it didn't sound like talking cadence, I guessed that it wasn't speech. If there seemed to be a cadence in the breaking or sound, I guessed that it was speech.",1,1,,2,English,N/A,N/A,100,NaN,,NaN,,100,NaN,,5,5,3,4,5,6,7,4,1,5,3,5,3,2,6,5,4,6,4,7,6,5,5,5,5,6,3,6,4,3,7,7,4,1,7,7,1,2,"Piano",41420,0,34,46,37,30,35,81,1,0.4,0.373333333333333,0.373333333333333,0.733333333333333,0.999999972045038,1.33333333333333,1.33333333333333,1.5,1.3,1.4,1.3,1.33333333333333,1.56666666666667,1.5,1.43333333333333
30-Sep-2021 13:32:35,30-Sep-2021 13:35:11,0,100,155,1,30-Sep-2021 13:35:11,R_3k6w3gPLbYBRUM1,anonymous,EN,2,,19,4,"if it had a pattern or rhythm to it","This was more confusing but i tried to see if i could make out words",1,1,,2,English,,,100,NaN,,NaN,,100,NaN,,2,2,2,2,2,2,2,2,2,2,2,2,2,2,2,2,2,2,2,2,2,2,2,2,2,2,2,2,2,2,2,2,2,1,1,1,1,2,"drums",41671,0,21,30,19,22,16,55,1,0.5,0.486666666666667,0.486666666666667,0.52,0.716112256162336,1.53333333333333,1.56666666666667,1.56666666666667,1.33333333333333,1.43333333333333,1.46666666666667,1.56666666666667,1.36666666666667,1.7,1.46666666666667
30-Sep-2021 13:34:13,30-Sep-2021 13:42:45,0,100,512,1,30-Sep-2021 13:42:45,R_shFI3ulxdh1M8h3,anonymous,EN,1,,21,4,"some type of changes in loud and softness","if the sound had a rhythm to it like normal talking",1,1,,1,chinese,English,,100,100,,3,,71,82,,4,6,3,2,4,6,3,5,2,4,2,5,2,4,3,5,3,5,5,6,5,5,5,4,7,4,5,5,4,3,5,5,5,2,4,6,2,4,"clarinet",41452,0,33,44,29,22,33,65,1,0.506666666666667,0.54,0.54,0.586666666666667,0.986347933118292,1.36666666666667,1.7,1.56666666666667,1.56666666666667,1.5,1.33333333333333,1.56666666666667,1.4,1.56666666666667,1.5
30-Sep-2021 18:00:15,30-Sep-2021 18:04:09,0,100,233,1,30-Sep-2021 18:04:09,R_2wcVuAnfLPtdOdm,anonymous,EN,1,,18,4,"","",1,2,,2,Chinese,English,,91,31,,6,,NaN,NaN,,4,3,4,2,4,3,6,6,6,6,6,5,6,6,5,5,5,5,6,6,6,5,3,5,5,5,3,5,4,4,6,7,4,4,2,6,2,3,"flute",41941,0,38,36,28,28,28,78,0.916666666666667,0.423333333333333,0.38,0.38,0.566666666666667,0.923437010565857,1.23333333333333,1.36666666666667,1.26666666666667,1.53333333333333,1.5,1.4,1.43333333333333,1.56666666666667,1.46666666666667,1.46666666666667
30-Sep-2021 20:29:28,30-Sep-2021 20:34:43,0,100,315,1,30-Sep-2021 20:34:44,R_3Ebcfq9zlWKbmhN,anonymous,EN,1,,20,4,"Whether or not the excerpt has an identifiable rhythm","Whether or not the excerpt has a tone that is close to speech",1,4,,1,Chinese,English,,100,71,,6,,30,71,,6,5,2,1,6,6,7,6,1,7,1,3,1,3,7,7,1,7,6,6,2,7,1,5,2,5,2,3,6,5,7,5,4,4,4,6,2,6,"Piano",41434,0,45,55,32,39,38,92,1,0.593333333333333,0.586666666666667,0.586666666666667,0.56,0.869851186123395,1.76666666666667,1.73333333333333,1.4,1.63333333333333,1.4,1.33333333333333,1.53333333333333,1.7,1.7,1.73333333333333
30-Sep-2021 21:44:06,30-Sep-2021 21:51:40,0,100,453,1,30-Sep-2021 21:51:40,R_Q4WuaHnXnAQUjAJ,anonymous,EN,2,,21,4,"I think the excerpt as music should be more smooth and have variation in tone.","I think the excerpt as speech should be choppy",1,1,,2,Mandarin,English,,100,80,,5,,61,42,,5,4,2,4,4,5,4,4,3,2,5,4,4,5,4,5,5,5,4,4,4,3,4,4,3,4,3,4,4,3,4,5,4,3,1,5,1,2,"drum",38027,0,32,36,24,25,26,67,1,0.403333333333333,0.42,0.42,0.5,0.353052975961598,1.43333333333333,1.3,1.46666666666667,1.43333333333333,1.46666666666667,1.43333333333333,1.33333333333333,1.3,1.4,1.46666666666667
01-Oct-2021 05:43:41,01-Oct-2021 05:49:15,0,100,334,1,01-Oct-2021 05:49:15,R_2OT0XqsiSVA47Bc,anonymous,EN,1,,18,4,"I listened to check if there were frequent wavelengths between static or if there was some type of pattern in the static.","I listened if I could hear a change in volume or frequency that could mimic words.",1,1,,2,English,,,100,NaN,,NaN,,100,NaN,,7,5,7,3,1,7,7,7,1,1,1,5,1,2,7,7,5,2,5,5,2,1,7,7,7,6,2,7,7,6,7,6,6,1,6,6,4,7,"Viola",41811,0,56,37,40,28,36,89,1,0.58,0.58,0.58,0.48,0.235098196206531,1.53333333333333,1.5,1.66666666666667,1.66666666666667,1.53333333333333,1.56666666666667,1.66666666666667,1.66666666666667,1.46666666666667,1.53333333333333
01-Oct-2021 10:35:44,01-Oct-2021 10:41:03,0,100,319,1,01-Oct-2021 10:41:04,R_2BsPnUQcjdpbyNy,anonymous,EN,1,,18,4,"the rhythm of it, according to my past experience in music.","the breathing, gap of a sentence.",1,2,,1,Chinese,English,,100,97,,3,,100,62,,4,5,5,5,7,3,7,7,2,7,1,6,2,1,4,6,2,6,6,6,2,6,2,7,2,4,4,5,5,5,7,5,7,4,2,5,3,2,"voice",41918,0,44,51,33,41,36,100,1,0.566666666666667,0.466666666666667,0.466666666666667,0.52,0.638057853074098,1.43333333333333,1.43333333333333,1.53333333333333,1.53333333333333,1.4,1.63333333333333,1.73333333333333,1.6,1.63333333333333,1.73333333333333
01-Oct-2021 16:16:55,01-Oct-2021 16:20:38,0,100,222,1,01-Oct-2021 16:20:38,R_01TkmLhIKqvNWk9,anonymous,EN,1,,18,4,"rhythm","fluence",1,2,,1,Chinese,English,,92,49,,8,,80,71,,6,5,4,5,5,5,5,6,5,6,5,4,5,5,5,6,5,4,5,5,5,4,5,6,5,6,6,5,5,6,3,7,5,1,4,7,3,4,"piano",41506,0,40,37,31,33,27,80,0.916666666666667,0.45,0.453333333333333,0.453333333333333,0.513333333333333,0.612327298137803,1.36666666666667,1.53333333333333,1.6,1.3,1.46666666666667,1.4,1.5,1.43333333333333,1.53333333333333,1.36666666666667
01-Oct-2021 20:33:18,01-Oct-2021 20:38:28,0,100,309,1,01-Oct-2021 20:38:28,R_3EjccPFNGbnyOPp,anonymous,EN,1,,19,4,"Rhythm","Length of a sentence that people usually speak or stop",1,2,,2,Chinese,English,French,93,86,13,4,16,77,77,1,5,5,3,2,4,5,5,5,2,6,4,5,2,5,5,5,2,5,4,5,2,4,3,6,5,4,5,4,3,3,5,3,5,2,2,6,2,2,"Piano or Chinese lute",41844,0,38,42,24,28,30,74,1,0.543333333333333,0.526666666666667,0.526666666666667,0.526666666666667,0.739738523818998,1.56666666666667,1.56666666666667,1.4,1.53333333333333,1.56666666666667,1.46666666666667,1.66666666666667,1.63333333333333,1.53333333333333,1.5
01-Oct-2021 22:33:00,01-Oct-2021 22:38:46,0,100,345,1,01-Oct-2021 22:38:46,R_3R9Jl4R535MtewM,anonymous,EN,1,,20,4,"the lack of breaks between sounds","the breaks between sounds",1,2,,2,english,,,100,NaN,,NaN,,100,NaN,,5,6,3,5,5,5,5,5,2,2,2,3,2,3,3,5,5,5,3,5,5,5,5,3,6,3,4,2,5,4,6,4,2,2,4,5,2,2,"flute",41917,0,28,41,26,26,31,62,0.916666666666667,0.466666666666667,0.453333333333333,0.453333333333333,0.506666666666667,0.575462109878496,1.43333333333333,1.56666666666667,1.46666666666667,1.5,1.3,1.3,1.53333333333333,1.4,1.6,1.56666666666667
02-Oct-2021 00:17:40,02-Oct-2021 00:28:11,0,100,631,1,02-Oct-2021 00:28:11,R_1pSXbTfOw2H3kjP,anonymous,EN,1,,20,4,"It's hard to distinguish the music excerpt with noises; the trials make the experiment a little bit more tiring.","Same as above",1,1,,2,Chinese,English,,100,75,,6,,80,20,,5,5,1,3,5,7,7,5,1,5,2,4,5,2,7,7,5,2,3,7,7,7,1,7,3,6,4,7,7,3,7,6,5,3,2,6,1,7,"voice",38374,0,43,47,30,33,36,86,1,0.586666666666667,0.52,0.52,0.573333333333333,0.934834043612137,1.56666666666667,1.66666666666667,1.56666666666667,1.46666666666667,1.33333333333333,1.53333333333333,1.8,1.73333333333333,1.5,1.7
02-Oct-2021 12:33:27,02-Oct-2021 12:38:05,0,100,278,1,02-Oct-2021 12:38:06,R_1guvIQifdMrD26A,anonymous,EN,2,,19,3,"If it sounded like there was a pattern or rhythmic sound in the static","If it had natural pauses and sounded like how one would when communicating",1,2,,1,English,Urdu,Punjabi,100,92,49,3,13,81,80,19,7,7,5,6,7,7,7,7,1,7,1,7,1,1,7,7,1,7,7,7,2,7,1,6,3,7,1,7,7,7,7,6,7,3,4,5,4,6,"Piano",41894,0,54,63,40,46,42,116,1,0.67,0.64,0.64,0.473333333333333,0.0230402895868096,1.56666666666667,1.73333333333333,1.66666666666667,1.7,1.53333333333333,1.56666666666667,1.63333333333333,1.76666666666667,1.73333333333333,1.8
02-Oct-2021 13:13:51,02-Oct-2021 13:21:43,0,100,472,1,02-Oct-2021 13:21:43,R_2aS4QvgEmiCh7LO,anonymous,EN,1,,18,4,"If it sounded like it could be a meoldy","If it sounded like there was pauses between the static noises",1,1,,1,English,Spanish,,100,70,,2,,80,20,,5,5,4,1,5,5,1,3,2,1,4,3,3,4,3,5,4,4,3,5,3,5,5,5,7,4,7,5,2,1,5,1,1,1,1,2,1,6,"Violin",41797,0,37,38,11,11,29,44,0.916666666666667,0.54,0.52,0.52,0.506666666666667,0.566042703952991,1.56666666666667,1.5,1.66666666666667,1.5,1.36666666666667,1.46666666666667,1.53333333333333,1.5,1.7,1.6
02-Oct-2021 15:07:31,02-Oct-2021 15:13:19,0,100,348,1,02-Oct-2021 15:13:19,R_2c14ccfinNkhrze,anonymous,EN,1,,19,4,"I listened to find a beat.","I listened to the pauses.",1,2,,2,English,,,100,NaN,,NaN,,100,NaN,,2,5,1,4,4,5,3,2,4,3,6,3,3,3,3,6,3,3,3,3,5,3,5,2,7,3,7,4,5,3,7,1,1,1,1,1,1,3,"voice",41487,0,21,31,11,24,28,47,1,0.506666666666667,0.506666666666667,0.506666666666667,0.546666666666667,0.889316549946638,1.46666666666667,1.66666666666667,1.53333333333333,1.5,1.36666666666667,1.46666666666667,1.56666666666667,1.56666666666667,1.46666666666667,1.46666666666667
02-Oct-2021 15:40:07,02-Oct-2021 15:47:24,0,100,436,1,02-Oct-2021 15:47:24,R_21grb7xvNApJdYf,anonymous,EN,1,,19,3,"The pauses between high and low frequency","Pause duration between high and low",1,1,,1,Portuguese,English,,100,100,,3,,90,85,,3,6,1,2,6,5,3,4,2,1,5,4,4,6,2,6,5,3,5,5,4,3,3,6,6,4,7,6,4,2,7,5,4,1,5,5,1,4,"Violin",40461,0,31,37,23,17,35,54,1,0.49,0.506666666666667,0.506666666666667,0.7,0.999999774388687,1.33333333333333,1.66666666666667,1.43333333333333,1.63333333333333,1.46666666666667,1.43333333333333,1.63333333333333,1.4,1.5,1.4
02-Oct-2021 15:54:19,02-Oct-2021 15:56:10,0,100,111,1,02-Oct-2021 15:56:11,R_3fBIMZawCKTu3K5,anonymous,EN,2,,20,5,"Rhythm","Rhythm again",1,1,,2,Mandarin,English,,99,100,,8,,50,50,,7,7,7,7,7,7,7,7,7,7,7,7,7,7,7,7,7,7,7,7,7,7,7,7,7,7,7,7,7,7,7,3,3,2,4,3,3,3,"piano",41498,0,48,45,18,37,36,84,1,0.466666666666667,0.473333333333333,0.473333333333333,0.586666666666667,0.984416912093542,1.53333333333333,1.5,1.23333333333333,1.63333333333333,1.46666666666667,1.43333333333333,1.56666666666667,1.43333333333333,1.5,1.36666666666667
02-Oct-2021 16:10:15,02-Oct-2021 16:16:20,0,100,365,1,02-Oct-2021 16:16:21,R_DMPlRje3ysKEEb7,anonymous,EN,2,,19,4,"Listening for a semblance of a melody. Something that flowed well.","Trying to identify patterns. I don't think speech is as ""flowy"" as music. So I was looking for something that sounded cohesive yet not perfect",1,4,,2,English,n/a,n/a,100,NaN,,0,0,100,NaN,,5,3,3,2,5,7,5,7,2,1,6,5,2,3,5,7,5,7,7,7,5,5,3,7,5,5,3,7,3,2,7,6,4,1,2,6,1,6,"Piano",41875,0,44,47,29,19,37,75,1,0.443333333333333,0.413333333333333,0.413333333333333,0.566666666666667,0.940525212386027,1.46666666666667,1.36666666666667,1.4,1.4,1.43333333333333,1.4,1.46666666666667,1.53333333333333,1.43333333333333,1.53333333333333
02-Oct-2021 16:12:17,02-Oct-2021 16:17:21,0,100,303,1,02-Oct-2021 16:17:21,R_25Qt3lgHyNH2CUE,anonymous,EN,3,,19,5,"By feeling","By feeling",1,1,,3,Chinese,English,,100,65,,6,,90,40,,4,2,3,5,6,4,6,4,3,4,4,4,3,4,4,3,3,4,4,3,4,5,4,4,3,4,6,4,4,4,4,2,1,4,1,4,1,5,"voice",41724,0,36,40,15,33,21,66,1,0.516666666666667,0.54,0.54,0.606666666666667,0.996431627669619,1.56666666666667,1.66666666666667,1.43333333333333,1.5,1.53333333333333,1.33333333333333,1.53333333333333,1.53333333333333,1.5,1.56666666666667
02-Oct-2021 18:39:31,02-Oct-2021 18:45:02,0,100,331,1,02-Oct-2021 18:45:03,R_3pl6AcllvKjWYdb,anonymous,EN,1,,20,4,"continuity of sound","gaps between sound",1,1,,3,English,,,92,NaN,,NaN,,100,NaN,,4,5,1,2,5,5,1,5,1,5,4,5,4,4,5,6,5,5,4,6,5,5,5,5,6,5,5,5,5,2,6,6,2,1,1,1,1,6,"Violin",39916,0,35,41,18,20,34,61,1,0.46,0.446666666666667,0.446666666666667,0.52,0.688934221018435,1.63333333333333,1.46666666666667,1.36666666666667,1.46666666666667,1.3,1.43333333333333,1.6,1.46666666666667,1.53333333333333,1.33333333333333
02-Oct-2021 20:02:42,02-Oct-2021 20:07:41,0,100,298,1,02-Oct-2021 20:07:41,R_3iQdXpcLEKjJKaZ,anonymous,EN,1,,19,4,"Any pattern or changes in tone.","Any changes in tone.",1,2,,2,Spanish,English,French,100,95,50,6,13,50,40,10,6,7,2,5,6,6,1,6,1,2,3,2,1,2,6,7,7,5,7,7,1,7,4,7,4,5,2,2,7,7,7,6,1,1,6,4,2,6,"Drums.",41787,0,43,47,31,27,42,75,1,0.513333333333333,0.52,0.52,0.52,0.713149244260649,1.36666666666667,1.6,1.5,1.6,1.53333333333333,1.26666666666667,1.66666666666667,1.6,1.46666666666667,1.53333333333333
02-Oct-2021 20:18:05,02-Oct-2021 20:25:17,0,100,431,1,02-Oct-2021 20:25:18,R_DDlAvERsPdcTH2x,anonymous,EN,1,,19,5,"If the excerpt is fluent.","There are pauses and ups and downs.",1,2,,3,Chinese,English,,100,70,,10,,60,40,,4,4,1,4,5,3,1,5,5,5,2,4,3,7,5,5,4,4,5,6,4,5,4,4,3,4,6,5,4,3,6,1,1,1,1,1,1,2,"",41843,0,31,40,8,26,29,56,1,0.483333333333333,0.493333333333333,0.493333333333333,0.7,0.99999976401872,1.4,1.56666666666667,1.66666666666667,1.4,1.43333333333333,1.23333333333333,1.2,1.5,1.66666666666667,1.76666666666667
02-Oct-2021 21:11:47,02-Oct-2021 21:18:10,0,100,382,1,02-Oct-2021 21:18:10,R_urWT1fqt6r6bzGh,anonymous,EN,2,,18,4,"changes in dynamics, not smooth","not smooth, large variance in the up/down pattern of the static",1,4,,2,cantonese,english,mandarin,100,100,73,4,4,25,70,5,6,4,2,5,6,7,6,3,3,6,2,7,1,1,4,7,3,7,6,6,6,7,1,5,6,6,1,5,6,3,7,7,5,1,7,7,2,3,"piano",41491,0,31,60,42,33,35,95,1,0.486666666666667,0.466666666666667,0.466666666666667,0.613333333333333,0.997886172190387,1.46666666666667,1.53333333333333,1.43333333333333,1.56666666666667,1.33333333333333,1.36666666666667,1.7,1.46666666666667,1.56666666666667,1.43333333333333
02-Oct-2021 22:34:22,02-Oct-2021 22:42:56,0,100,514,1,02-Oct-2021 22:42:56,R_1obg6hFBCpHPVr7,anonymous,EN,1,,19,5,"I was trying to hear a melody, tune, or beat, but they all sounded the same to me.","I was trying to find anything that reminded me of voices or speech but I could not tell the difference between any of the noises I heard.",1,1,,1,Estonian,English,-,100,85,,7,,80,100,,2,1,1,1,7,7,1,4,2,2,7,4,2,7,5,7,4,5,5,4,4,5,2,3,7,5,7,4,7,1,5,1,1,3,1,1,1,3,"",41535,0,29,46,7,17,28,47,0.916666666666667,0.456666666666667,0.386666666666667,0.386666666666667,0.566666666666667,0.947866404206146,1.4,1.56666666666667,1.26666666666667,1.33333333333333,1.36666666666667,1.53333333333333,1.5,1.36666666666667,1.63333333333333,1.6
02-Oct-2021 23:36:18,02-Oct-2021 23:43:32,0,100,433,1,02-Oct-2021 23:43:32,R_3kdO1LDcMND5ymu,anonymous,EN,1,,18,2,"I would listen to the different frequencies of the static noises in order to try and identify some kind of pattern or beat.","I listened to the varying frequencies which could then be identified as speech inflections.",1,1,,1,English,Mandarin,French,100,66,33,2,11,90,16,4,7,7,3,3,6,7,7,7,1,7,3,6,2,2,7,7,4,6,7,7,6,7,2,7,4,4,5,7,6,2,7,6,5,1,1,5,4,6,"Voice",41870,0,47,53,30,33,42,98,1,0.463333333333333,0.526666666666667,0.526666666666667,0.593333333333333,0.989506385978586,1.43333333333333,1.43333333333333,1.53333333333333,1.63333333333333,1.6,1.4,1.5,1.33333333333333,1.43333333333333,1.33333333333333
03-Oct-2021 10:28:49,03-Oct-2021 10:34:11,0,100,321,1,03-Oct-2021 10:34:11,R_3M596b3djKlILSR,anonymous,EN,2,,18,4,"If it had a strong rhythm or musical flavor","the choppiness and breathiness that one would expect from someone who is speaking",1,1,,2,English,,,100,NaN,,NaN,,100,NaN,,5,7,5,3,5,4,5,6,2,5,3,5,4,3,5,7,4,7,3,5,6,5,3,7,7,5,5,5,4,3,7,7,4,2,3,7,1,6,"Piano",41826,0,43,45,30,25,35,77,1,0.363333333333333,0.38,0.38,0.62,0.983134982163539,1.56666666666667,1.56666666666667,1.33333333333333,1.26666666666667,1.16666666666667,1.06666666666667,1.3,1.36666666666667,1.46666666666667,1.53333333333333
03-Oct-2021 10:39:17,03-Oct-2021 10:43:43,0,100,266,1,03-Oct-2021 10:43:44,R_29IWSG9WiJEDgcx,anonymous,EN,1,,19,2,"Patterns (more random/ satisfying)","More linear patterns of sound, long-short holds or releases like vowels.",1,1,,1,English,Urdu,,100,66,,1,,100,40,,7,7,4,3,3,6,5,5,1,2,2,4,2,3,3,4,2,5,4,5,5,3,2,6,2,3,3,5,4,5,5,6,5,3,6,6,2,7,"Piano",42126,0,43,42,35,31,32,83,1,0.43,0.413333333333333,0.413333333333333,0.593333333333333,0.98359220597925,1.6,1.6,1.36666666666667,1.3,1.2,1.56666666666667,1.63333333333333,1.36666666666667,1.36666666666667,1.3
03-Oct-2021 11:56:03,03-Oct-2021 12:01:57,0,100,353,1,03-Oct-2021 12:01:57,R_z6WPdDrZDZHY241,anonymous,EN,1,,18,4,"Any kind of beat/rhythm.","Any kind of rhythm.",1,1,,2,English,,,100,NaN,,NaN,,100,NaN,,5,6,2,2,4,6,5,6,2,2,4,5,2,4,5,6,4,6,5,6,4,6,5,6,4,5,4,5,3,3,6,4,1,3,1,4,1,6,"",41775,0,42,45,19,23,35,65,1,0.556666666666667,0.546666666666667,0.546666666666667,0.566666666666667,0.940525212386027,1.6,1.6,1.43333333333333,1.63333333333333,1.46666666666667,1.66666666666667,1.56666666666667,1.5,1.6,1.5
03-Oct-2021 12:04:57,03-Oct-2021 12:12:05,0,100,427,1,03-Oct-2021 12:12:05,R_3JkDCYXgnL4B3bG,anonymous,EN,1,,18,4,"pace","pace",1,1,,2,spanish,english,,80,80,,7,,40,60,,3,5,3,2,4,2,2,5,2,3,3,4,3,5,5,5,5,2,3,3,6,3,5,5,5,3,7,5,3,1,7,1,1,2,1,1,1,3,"piano",41683,0,33,31,9,17,29,49,1,0.496666666666667,0.486666666666667,0.486666666666667,0.446666666666667,0.110169832118991,1.46666666666667,1.56666666666667,1.5,1.5,1.4,1.6,1.4,1.43333333333333,1.6,1.5
03-Oct-2021 13:08:38,03-Oct-2021 13:13:16,0,100,277,1,03-Oct-2021 13:13:16,R_1DITBQ3WRp7OoLT,anonymous,EN,1,,20,1,"Detecting certain patterns or rhythms.","Thinking about how most of the time people ""sing"" when they talk. The level of their voice changes depending on the word being said.",1,1,,2,English,N/A,N/A,100,NaN,,0,0,100,NaN,,6,5,4,3,5,5,4,5,1,4,2,5,3,3,7,7,3,6,6,7,5,5,5,6,5,5,4,7,5,5,7,3,4,1,1,5,2,6,"Piano",41407,0,45,45,24,29,39,79,1,0.423333333333333,0.513333333333333,0.513333333333333,0.58,0.960554279954458,1.6,1.56666666666667,1.53333333333333,1.5,1.36666666666667,1.3,1.36666666666667,1.46666666666667,1.3,1.23333333333333
03-Oct-2021 15:54:16,03-Oct-2021 15:59:08,0,100,291,1,03-Oct-2021 15:59:08,R_1Qgb4ywgX2RCCWF,anonymous,EN,1,,19,3,"Music has more of a rhythm to it.  i would imagine instruments","speech also has a rhythm but not in bars like music.  i would picture where he/she would need a breath",1,1,,1,english,french,,100,50,,8,,100,15,,7,7,7,7,7,7,7,7,7,7,1,7,1,1,7,7,1,7,7,7,1,7,1,7,4,7,1,7,7,7,7,7,4,6,7,7,4,6,"Electric Bass and Guitar",42064,0,61,63,43,46,36,117,1,0.47,0.466666666666667,0.466666666666667,0.486666666666667,0.386297171451837,1.33333333333333,1.36666666666667,1.5,1.6,1.53333333333333,1.43333333333333,1.5,1.6,1.46666666666667,1.36666666666667
03-Oct-2021 21:59:07,03-Oct-2021 22:08:28,0,100,561,1,03-Oct-2021 22:08:28,R_1jkxITpV8m9nuu0,anonymous,EN,2,,18,4,"I kept trying to listen for pauses or the length of the different phrases within the sound.","I kind of went with trying to see if the sound was more shorter and closer to one another .",1,1,,3,spanish,english,,95,92,,5,,97,91,,5,6,4,4,6,7,7,3,1,1,3,6,4,7,2,7,7,4,5,7,2,6,5,2,4,5,5,6,7,7,6,5,6,4,4,5,1,6,"Saxophone",41956,0,38,46,25,31,38,67,0.916666666666667,0.53,0.633333333333333,0.633333333333333,0.513333333333333,0.642032575609696,1.63333333333333,1.56666666666667,1.66666666666667,1.66666666666667,1.63333333333333,1.3,1.36666666666667,1.63333333333333,1.36666666666667,1.46666666666667
03-Oct-2021 22:55:30,03-Oct-2021 23:02:18,0,100,407,1,03-Oct-2021 23:02:18,R_12tLjBujKDi5UpJ,anonymous,EN,1,,19,4,"repetition of certain rhythm","short gap between a continuous sound",1,2,,2,madarin,english,,100,81,,4,,75,24,,3,7,3,7,7,7,7,7,1,2,6,5,2,2,7,7,2,5,7,7,5,6,2,7,5,5,5,7,6,3,7,3,6,1,3,4,1,3,"voice",42015,0,41,49,26,34,42,88,1,0.476666666666667,0.446666666666667,0.446666666666667,0.633333333333333,0.99958201173954,1.56666666666667,1.63333333333333,1.4,1.23333333333333,1.4,1.26666666666667,1.63333333333333,1.6,1.63333333333333,1.4
03-Oct-2021 23:07:04,03-Oct-2021 23:32:32,0,100,1528,1,03-Oct-2021 23:32:33,R_RfOcFVjO2dZVDZD,anonymous,EN,1,,19,4,"figure out if there are beats, rhythms, or regularity in it","if there are cadence, pause, and intonation in it",1,2,,3,Chinese,English,,100,75,,12,,60,40,,6,6,4,6,6,6,6,5,2,6,3,6,2,3,6,6,5,3,6,6,4,5,5,5,3,4,6,6,6,5,6,3,5,4,1,1,1,2,"voice",41848,0,42,44,18,37,36,84,1,0.53,0.506666666666667,0.506666666666667,0.593333333333333,0.990095670060835,1.7,1.56666666666667,1.4,1.43333333333333,1.43333333333333,1.43333333333333,1.53333333333333,1.66666666666667,1.7,1.43333333333333
04-Oct-2021 14:59:43,04-Oct-2021 15:05:56,0,100,372,1,04-Oct-2021 15:05:56,R_3qDKArnR4Jh1fqd,anonymous,EN,1,,20,5,"listening the beats?","no beats, just seems like if it like as a speech",1,1,,1,chinese,english,korean,100,85,22,7,20,92,62,21,6,4,3,5,5,3,4,4,5,5,4,4,5,4,4,5,3,6,5,6,4,7,7,6,6,5,6,6,7,5,5,6,7,3,1,7,2,2,"guzheng",42104,0,38,38,29,33,28,78,1,0.436666666666667,0.42,0.42,0.526666666666667,0.704672062572426,1.5,1.43333333333333,1.53333333333333,1.26666666666667,1.36666666666667,1.33333333333333,1.43333333333333,1.3,1.46666666666667,1.73333333333333
04-Oct-2021 19:33:54,04-Oct-2021 19:38:23,0,100,268,1,04-Oct-2021 19:38:23,R_Q3M2ipuiQUwXT1L,anonymous,EN,1,,20,4,"pauses, loudness","pauses, tone",1,1,,2,English,Portuguese,Spanish,100,100,75,0,13,45,35,10,6,4,2,2,6,6,6,3,3,2,2,5,2,3,5,5,2,2,5,4,2,5,3,6,4,6,6,6,6,3,6,4,3,7,4,4,1,3,"piano",38454,0,44,47,23,29,29,75,1,0.353333333333333,0.4,0.4,0.56,0.69054173148976,1.46666666666667,1.33333333333333,1.36666666666667,1.4,1.43333333333333,1.1,1.33333333333333,1.4,1.46666666666667,1.23333333333333
04-Oct-2021 20:53:58,04-Oct-2021 21:04:49,0,100,650,1,04-Oct-2021 21:04:49,R_3rPtJ8a86r5spFn,anonymous,EN,2,,19,4,"it must have a sense of rhythm and cadence. if the recording is long and flat I would like to consider it as noise.","there must be pause in the recording and it should sound scattered instead of integrated.",1,2,,1,Mandarin,English,,100,85,,8,,49,50,,6,4,4,4,6,6,6,3,3,5,3,6,3,5,5,6,6,6,6,6,5,6,4,7,6,5,6,6,6,4,6,5,4,4,6,5,3,5,"piano",42025,0,43,49,28,29,33,80,1,0.436666666666667,0.473333333333333,0.473333333333333,0.486666666666667,0.329366751844961,1.6,1.53333333333333,1.33333333333333,1.36666666666667,1.53333333333333,1.33333333333333,1.5,1.3,1.33333333333333,1.53333333333333
04-Oct-2021 22:32:50,04-Oct-2021 22:38:48,0,100,357,1,04-Oct-2021 22:38:48,R_WrLaHaQqVPcobPb,anonymous,EN,1,,20,3,"I tried to see if there was some type of melody or rhythm. I tried to add words to the noise and see if it flow better as a song.","I tried to pay attention to the speed of the noise. I also tried to add words to see if it would flow.",1,4,,1,English,Tagalog,,100,70,,3,,80,70,,5,3,3,3,3,6,5,5,2,4,2,5,2,1,5,6,4,6,5,7,6,6,3,5,7,5,2,6,3,3,6,6,6,1,7,6,3,7,"piano",41627,0,39,48,41,23,33,81,1,0.456666666666667,0.453333333333333,0.453333333333333,0.54,0.833834959219906,1.53333333333333,1.4,1.36666666666667,1.56666666666667,1.4,1.46666666666667,1.6,1.3,1.43333333333333,1.5
05-Oct-2021 02:18:29,05-Oct-2021 02:22:47,0,100,258,1,05-Oct-2021 02:22:48,R_2TZSd6vqK2tt5LO,anonymous,EN,2,,21,4,"melody, change in tones","breaks",1,2,,2,chinese,English,,100,71,,8,,55,48,,3,5,5,5,3,5,5,5,2,5,4,3,3,3,5,6,3,4,5,5,4,4,5,4,3,4,5,5,5,4,4,1,1,1,1,1,1,2,"",38072,0,34,35,13,34,31,69,1,0.646666666666667,0.613333333333333,0.613333333333333,0.546666666666667,0.567169840657044,1.63333333333333,1.73333333333333,1.63333333333333,1.4,1.66666666666667,1.66666666666667,1.76666666666667,1.7,1.63333333333333,1.63333333333333
05-Oct-2021 14:34:08,05-Oct-2021 14:39:46,0,100,337,1,05-Oct-2021 14:39:46,R_2sbhd4JH05CsKXY,anonymous,EN,2,,19,4,"interval, pattern","interval, time for breathing, tone",1,4,,2,Chinese,English,,100,71,,6,,29,71,,3,4,3,3,5,5,6,3,3,4,3,3,3,2,5,5,2,3,3,5,6,5,5,3,6,3,6,4,5,3,3,4,6,1,1,5,3,2,"flute",42110,0,26,37,27,29,25,70,1,0.596666666666667,0.586666666666667,0.586666666666667,0.54,0.726818498762619,1.53333333333333,1.53333333333333,1.63333333333333,1.6,1.63333333333333,1.6,1.73333333333333,1.56666666666667,1.63333333333333,1.5
05-Oct-2021 20:06:02,05-Oct-2021 20:36:13,0,100,1810,1,05-Oct-2021 20:36:13,R_xxxzai3kWqpkVup,anonymous,EN,1,,20,4,"smooth transaction, harmonious, volume change with the expectation","break of sound, identify breaking for assuming a breathing",1,1,,1,Chinese,English,Japanese,100,97,30,3,17,59,40,1,4,3,1,6,7,6,6,6,2,6,2,6,2,2,6,6,4,5,7,7,3,6,2,7,3,6,2,6,5,4,7,6,6,5,4,6,3,4,"Pipa (Traditional Chinese instrument)",42147,0,44,54,37,36,36,96,1,0.48,0.466666666666667,0.466666666666667,0.613333333333333,0.997812675166783,1.63333333333333,1.53333333333333,1.46666666666667,1.2,1.5,1.3,1.43333333333333,1.7,1.53333333333333,1.5
06-Oct-2021 16:20:21,06-Oct-2021 16:25:13,0,100,292,1,06-Oct-2021 16:25:13,R_3EHvxMmvkYmEoNj,anonymous,EN,1,,20,3,"Could identify some type of pattern in the sound","Has the same speaking rhythm as speech when people talk",1,1,,2,English,Chinese (Mandarin),,100,52,,0,,99,17,,3,5,1,1,4,5,5,4,3,2,3,6,3,1,3,5,3,5,4,3,7,5,3,4,6,3,2,5,4,3,5,7,6,1,6,7,3,4,"Oboe",42144,0,26,43,42,22,27,74,1,0.44,0.393333333333333,0.393333333333333,0.52,0.653470028313541,1.6,1.43333333333333,1.26666666666667,1.33333333333333,1.33333333333333,1.46666666666667,1.56666666666667,1.46666666666667,1.46666666666667,1.46666666666667
08-Oct-2021 13:12:16,08-Oct-2021 13:16:29,0,100,253,1,08-Oct-2021 13:16:30,R_AiIWnAP06jXnuwx,anonymous,EN,2,,20,2,"patterns","i try to match the length of each sound to words",1,1,,2,Viet,English,,92,89,,12,,19,82,,3,6,2,2,2,5,5,6,4,3,3,2,2,5,4,4,4,4,4,4,7,5,5,5,3,5,7,1,1,1,6,1,1,2,1,1,1,4,"Nothing",42117,0,28,37,9,21,28,50,1,0.53,0.54,0.54,0.46,0.1730474558553,1.5,1.46666666666667,1.4,1.66666666666667,1.66666666666667,1.66666666666667,1.43333333333333,1.43333333333333,1.53333333333333,1.53333333333333
08-Oct-2021 16:07:08,08-Oct-2021 16:13:06,0,100,358,1,08-Oct-2021 16:13:07,R_2dEXUWB3kWsMxLf,anonymous,EN,2,,21,1,"Listen to the synthesized sound and determine if it was music or not music","Listen to the synthesized sound and determine if it was speech or not speech",1,1,,1,English,Spanish,,100,22,,13,,100,6,,7,7,4,5,7,7,7,4,1,2,1,7,2,1,7,7,3,7,7,7,1,5,2,7,4,6,1,7,2,2,7,7,6,2,5,5,2,3,"Electric Bass",41405,0,48,58,39,27,42,99,1,0.673333333333333,0.626666666666667,0.626666666666667,0.56,0.53057820940515,1.66666666666667,1.83333333333333,1.66666666666667,1.5,1.46666666666667,1.66666666666667,1.73333333333333,1.6,1.76666666666667,1.83333333333333
08-Oct-2021 17:04:13,08-Oct-2021 17:08:59,0,100,285,1,08-Oct-2021 17:08:59,R_WwKADnoZM5qEl7H,anonymous,EN,2,,18,5,"","",1,2,,2,Chinese,English,,100,70,,NaN,,51,50,,5,3,4,3,5,4,5,4,4,5,3,4,3,4,5,4,5,3,4,3,4,4,5,3,5,4,5,4,4,3,6,1,2,3,1,2,1,3,"",41976,0,35,37,14,26,24,62,0.916666666666667,0.47,0.453333333333333,0.453333333333333,0.513333333333333,0.642032575609696,1.43333333333333,1.43333333333333,1.46666666666667,1.5,1.43333333333333,1.43333333333333,1.43333333333333,1.5,1.66666666666667,1.4
08-Oct-2021 17:25:07,08-Oct-2021 17:31:48,0,100,401,1,08-Oct-2021 17:31:48,R_Xq3XZ3Smq3qBgDD,anonymous,EN,1,,19,5,"the different movements","not sure",1,1,,1,english,n/a,n/a,100,NaN,,0,0,100,NaN,,7,7,6,7,7,7,5,5,6,6,5,6,6,5,6,6,6,5,7,7,6,7,7,5,7,6,5,5,6,6,6,1,1,2,3,1,1,2,"",41399,0,40,44,13,33,35,74,1,0.603333333333333,0.593333333333333,0.593333333333333,0.566666666666667,0.883643900568056,1.66666666666667,1.63333333333333,1.53333333333333,1.53333333333333,1.6,1.63333333333333,1.5,1.6,1.83333333333333,1.5
08-Oct-2021 21:58:25,08-Oct-2021 22:04:43,0,100,378,1,08-Oct-2021 22:04:43,R_3R8Yfh8Z3xNdhQr,anonymous,EN,2,,18,4,"","",1,2,,3,Chinese,English,Spanish,100,86,13,10,17,81,82,5,5,4,2,2,4,2,4,4,6,5,4,3,3,4,4,4,5,5,4,4,5,4,4,4,6,6,5,4,2,2,5,2,6,1,1,2,1,2,"piano",41663,0,29,37,19,20,23,60,1,0.49,0.486666666666667,0.486666666666667,0.526666666666667,0.767228345442068,1.53333333333333,1.56666666666667,1.36666666666667,1.36666666666667,1.6,1.63333333333333,1.53333333333333,1.53333333333333,1.33333333333333,1.43333333333333
09-Oct-2021 17:38:06,09-Oct-2021 17:44:32,0,100,385,1,09-Oct-2021 17:44:32,R_1MS9xBNa2NGTwGC,anonymous,EN,1,,18,4,"If there was a rhythm or repeated set of sounds","",1,1,,2,English,,,100,NaN,,NaN,,100,NaN,,2,7,1,5,6,5,4,1,1,6,2,1,1,2,1,6,4,5,4,5,1,5,3,5,6,5,7,5,7,4,6,1,1,4,1,1,1,3,"",41728,0,29,45,12,32,35,57,0.916666666666667,0.486666666666667,0.52,0.52,0.453333333333333,0.142257042613758,1.63333333333333,1.5,1.43333333333333,1.53333333333333,1.5,1.5,1.56666666666667,1.46666666666667,1.43333333333333,1.3
09-Oct-2021 17:43:45,09-Oct-2021 17:58:10,0,100,864,1,09-Oct-2021 17:58:10,R_27VUAl5MADjrSdf,anonymous,EN,2,,21,3,"mostly rhythm, but sometimes i just have to go with my guts. also a lot of the times its not that i can tell whether an excerpt is music, its that i can tell it isn't music. for instance, when the stops doesn't sound like a possible rhythm","it has to be somewhat fluid but you also have to have stops in between. the stops cant be too obvious (too long) and you shouldn't have sudden changes.",1,1,,2,Mandarin,English,Spanish,100,95,15,11,16,65,100,5,6,7,4,2,3,6,2,5,1,5,4,5,2,3,6,7,2,4,5,7,3,5,3,7,5,6,5,5,4,2,6,4,7,2,2,5,2,4,"piano",37992,0,44,44,28,24,39,81,1,0.503333333333333,0.46,0.46,0.513333333333333,0.658183973514556,1.46666666666667,1.56666666666667,1.5,1.4,1.36666666666667,1.43333333333333,1.6,1.53333333333333,1.66666666666667,1.5
09-Oct-2021 23:25:19,09-Oct-2021 23:31:09,0,100,349,1,09-Oct-2021 23:31:09,R_PRR8KSdYas9kxZT,anonymous,EN,1,,21,1,"Something with a loose pattern or notable beat/rhythm","Something with a natural cadence, minimal pauses and a natural ending to the sound.",1,1,,2,English,,,93,NaN,,NaN,,100,NaN,,6,6,3,5,5,6,6,7,1,6,1,6,2,1,5,6,3,7,4,6,6,7,1,6,6,6,1,7,5,5,7,6,6,3,5,6,3,5,"Guitar",41621,0,44,57,40,34,36,95,1,0.506666666666667,0.48,0.48,0.573333333333333,0.969837928166089,1.53333333333333,1.6,1.26666666666667,1.53333333333333,1.46666666666667,1.5,1.56666666666667,1.4,1.6,1.6
10-Oct-2021 00:53:28,10-Oct-2021 01:07:01,0,100,812,1,10-Oct-2021 01:07:01,R_1jQ7z0HG0kSOAfJ,anonymous,EN,1,,20,4,"Mostly cadence and the clip having variation in different tones.","Different tones (not all of it being one sound). The clip needed to be dynamic if that makes sense.",1,1,,2,Spanish,English,,65,100,,5,,30,70,,1,5,3,1,4,5,2,3,2,1,4,4,3,7,3,6,5,4,2,6,6,4,2,3,5,4,7,6,3,1,7,1,1,1,1,1,1,5,"none",39488,0,27,40,7,14,32,40,1,0.543333333333333,0.54,0.54,0.58,0.974586569544018,1.73333333333333,1.63333333333333,1.5,1.53333333333333,1.3,1.66666666666667,1.6,1.46666666666667,1.53333333333333,1.46666666666667
10-Oct-2021 11:37:39,10-Oct-2021 11:41:44,0,100,245,1,10-Oct-2021 11:41:44,R_3gUk8JvheMKMH0L,anonymous,EN,2,,19,4,"Paterns in sound","Same",1,1,,2,English,hebrew,,100,42,,10,,92,8,,4,5,2,5,5,5,6,4,3,4,4,4,4,4,5,5,4,4,4,4,4,5,5,4,4,4,4,4,4,4,4,1,2,1,1,1,1,3,"",41809,0,31,38,14,31,27,65,0.916666666666667,0.506666666666667,0.52,0.52,0.48,0.340815739528706,1.53333333333333,1.63333333333333,1.5,1.63333333333333,1.3,1.66666666666667,1.46666666666667,1.53333333333333,1.46666666666667,1.33333333333333
10-Oct-2021 14:49:57,10-Oct-2021 14:59:56,0,100,598,1,10-Oct-2021 14:59:56,R_3EMxtXvwkDJe27y,anonymous,EN,1,,18,3,"I tried to look for noises with nice flow, and its not just a consistent pitch (I chose noises that have high and low pitch within because I feel like music has high and low pitches and also varies in volume at times)","I mostly looked for pauses in the noises. When a person talks there are always pauses in speech, so I identified those noises with consistent noises and no pause as not a speech.",1,1,,2,Chinese,English,,97,85,,7,,39,62,,4,5,2,3,6,5,1,6,3,4,5,5,5,5,5,6,4,5,5,5,5,4,5,5,7,2,7,6,3,3,5,4,6,1,1,1,2,5,"GuZheng",42086,0,37,36,18,19,31,61,1,0.52,0.48,0.48,0.653333333333333,0.999940560259621,1.7,1.6,1.36666666666667,1.53333333333333,1.2,1.56666666666667,1.7,1.5,1.73333333333333,1.3
10-Oct-2021 17:28:03,10-Oct-2021 17:33:26,0,100,322,1,10-Oct-2021 17:33:26,R_ym6fZRCfmQ3HqYF,anonymous,EN,1,,18,4,"the rhythm","the length of the sound",1,4,,1,english,cantonese,mandarin,100,80,40,1,1,100,50,30,5,1,1,5,4,7,5,3,3,2,5,5,2,4,3,3,5,6,3,6,5,5,3,7,7,5,3,6,3,3,6,4,3,1,1,5,2,5,"flute",41756,0,34,46,24,22,24,66,1,0.49,0.526666666666667,0.526666666666667,0.526666666666667,0.767228345442068,1.6,1.6,1.43333333333333,1.53333333333333,1.46666666666667,1.4,1.5,1.46666666666667,1.43333333333333,1.46666666666667
10-Oct-2021 18:07:11,10-Oct-2021 18:10:57,0,100,226,1,10-Oct-2021 18:10:58,R_ywLJ1uvYUFTsXFD,anonymous,EN,1,,19,3,"pace","pause",1,2,,2,Chinese,English,,100,91,,4,,71,32,,4,4,4,4,4,4,4,4,4,4,4,4,4,4,4,4,4,4,4,4,4,4,3,3,3,3,3,3,3,4,4,6,6,1,3,7,3,5,"piano",41725,0,32,36,34,28,24,76,1,0.39,0.5,0.5,0.273333333333333,3.86705108291421e-10,1.5,1.5,1.5,1.5,1.5,1.26666666666667,1.43333333333333,1.36666666666667,1.2,1.13333333333333
10-Oct-2021 19:52:03,10-Oct-2021 19:56:37,0,100,274,1,10-Oct-2021 19:56:37,R_26njoDmvdzUvQk6,anonymous,EN,1,,21,4,"Listening for a melody.","Listening for speech patterns.",1,1,,2,English,Mandarin,,100,80,,5,,100,5,,3,1,1,2,6,6,3,3,3,4,5,5,4,2,4,5,4,5,5,5,6,5,4,3,5,5,5,4,3,3,5,5,3,3,1,5,1,2,"violin",39941,0,25,43,24,22,26,62,1,0.603333333333333,0.546666666666667,0.546666666666667,0.58,0.936017589932871,1.4,1.76666666666667,1.46666666666667,1.6,1.5,1.63333333333333,1.66666666666667,1.6,1.73333333333333,1.66666666666667
10-Oct-2021 20:20:30,10-Oct-2021 20:32:54,0,100,743,1,10-Oct-2021 20:32:55,R_qV3OkPDczedElvb,anonymous,EN,1,,20,3,"I try to discern whether they have rhythm patterns. If the high and low sounds change more regularly, I would judge it as a music excerpt.","When I feel that the high and low sounds are not so regular or the speed is very different, I will judge it as a speech excerpt.",1,1,,2,Mandarin,English,,100,70,,4,,60,40,,6,5,4,6,6,6,6,2,2,6,2,5,1,3,7,7,3,6,5,6,2,6,2,7,3,6,3,7,6,4,6,7,3,3,7,7,3,3,"Piano",42154,0,45,54,37,38,35,97,1,0.566666666666667,0.593333333333333,0.593333333333333,0.546666666666667,0.84307622479239,1.63333333333333,1.7,1.6,1.56666666666667,1.46666666666667,1.3,1.53333333333333,1.7,1.53333333333333,1.63333333333333
11-Oct-2021 03:09:42,11-Oct-2021 03:16:08,0,100,385,1,11-Oct-2021 03:16:08,R_s59IUP6lP4bpr9L,anonymous,EN,3,,20,5,"An identifiable rhythm","Continuity",1,1,,2,Chinese,English,Japanese,100,85,53,5,13,68,89,9,2,4,1,3,5,6,2,3,6,2,7,3,3,6,1,2,5,3,1,3,7,2,6,3,7,3,7,2,1,1,6,2,5,1,1,1,2,2,"flute, piano",42077,0,16,30,14,13,18,37,0.916666666666667,0.473333333333333,0.466666666666667,0.466666666666667,0.48,0.328901125183704,1.46666666666667,1.46666666666667,1.46666666666667,1.5,1.43333333333333,1.3,1.53333333333333,1.43333333333333,1.53333333333333,1.6
11-Oct-2021 11:49:35,11-Oct-2021 11:54:33,0,100,297,1,11-Oct-2021 11:54:33,R_2y3nGk6YNcCM0bq,anonymous,EN,2,,21,4,"Rhythm","Cadence",1,1,,2,English,Chinese,Spanish,100,80,59,1,14,90,9,1,6,5,5,3,4,4,6,7,3,5,3,5,3,2,5,6,5,5,6,6,3,5,3,7,5,5,3,5,5,5,6,7,3,5,7,6,3,6,"Guitar",41391,0,51,43,37,30,34,88,1,0.546666666666667,0.54,0.54,0.466666666666667,0.200034854420675,1.76666666666667,1.76666666666667,1.4,1.33333333333333,1.43333333333333,1.66666666666667,1.56666666666667,1.4,1.63333333333333,1.5
11-Oct-2021 13:21:38,11-Oct-2021 13:30:42,0,100,543,1,11-Oct-2021 13:30:42,R_2CKrLBcOGWLUrlw,anonymous,EN,1,,19,3,"Usually went based off of instinct and what seemed right if I closed my eyes","Same thing as above",1,2,,1,English,Mandarin (conversational now but learned at the same time as English),,100,80,,0,,100,15,,7,7,3,5,7,7,7,6,1,7,1,5,2,1,7,7,7,7,6,7,1,7,1,7,3,7,5,7,6,4,7,7,6,5,5,5,2,3,"Voice",39915,0,52,60,35,35,41,98,1,0.503333333333333,0.513333333333333,0.513333333333333,0.486666666666667,0.403086922365877,1.6,1.53333333333333,1.5,1.56666666666667,1.36666666666667,1.4,1.5,1.5,1.56666666666667,1.5
11-Oct-2021 14:30:05,11-Oct-2021 14:34:58,0,100,292,1,11-Oct-2021 14:34:58,R_2QurcXrUupO9Gh3,anonymous,EN,1,,19,3,"it was softer pitched; there were either longer pauses or no pauses at all","the volume stayed basically constant; it was louder and more choppy",1,1,,2,english,,,100,NaN,,NaN,,100,NaN,,7,7,5,4,6,6,5,6,1,3,2,6,1,3,7,7,5,6,5,7,4,5,3,7,5,6,5,7,4,3,7,5,4,4,1,4,1,6,"",41458,0,53,53,23,25,40,82,1,0.546666666666667,0.553333333333333,0.553333333333333,0.52,0.678849764222744,1.66666666666667,1.53333333333333,1.56666666666667,1.4,1.6,1.6,1.53333333333333,1.63333333333333,1.63333333333333,1.3
11-Oct-2021 15:02:19,11-Oct-2021 15:07:52,0,100,332,1,11-Oct-2021 15:07:52,R_yQlVFVn4VwNnSBb,anonymous,EN,1,,20,4,"I try to identify a rhythm or a beat.","I try to identify pauses that could indicate stops in the speech.",1,1,,2,Chinese,English,,100,100,,4,,70,90,,3,5,1,3,3,6,2,5,2,5,6,3,3,5,2,5,4,3,3,2,6,5,5,2,7,2,7,3,3,2,5,4,4,1,1,5,1,2,"Piano",41512,0,21,32,19,20,26,48,1,0.43,0.386666666666667,0.386666666666667,0.606666666666667,0.993140970501844,1.43333333333333,1.33333333333333,1.33333333333333,1.56666666666667,1.26666666666667,1.36666666666667,1.46666666666667,1.46666666666667,1.53333333333333,1.53333333333333
11-Oct-2021 16:09:04,11-Oct-2021 16:13:28,0,100,263,1,11-Oct-2021 16:13:28,R_1pMpGkk5lj4kkU0,anonymous,EN,1,,19,1,"If it had different noises.","There was a higher noise.",1,1,,2,English,Spanish,,100,100,,1,,100,80,,4,1,1,3,4,5,5,5,4,1,2,4,4,4,4,7,5,4,4,4,4,4,4,4,5,4,5,4,4,4,6,1,1,2,1,1,1,2,"",41858,0,30,39,12,23,26,54,1,0.486666666666667,0.506666666666667,0.506666666666667,0.493333333333333,0.464013298550774,1.46666666666667,1.56666666666667,1.53333333333333,1.53333333333333,1.43333333333333,1.53333333333333,1.53333333333333,1.43333333333333,1.4,1.43333333333333
11-Oct-2021 18:50:43,11-Oct-2021 18:56:08,0,100,325,1,11-Oct-2021 18:56:09,R_1QbaLgE3Ad1A1W0,anonymous,EN,1,,18,4,"My criteria for identifying music was based on rhythmic beats or flows of melody.","I looked for stressed beats of emphasis.",1,1,,2,Erin,,,98,NaN,,NaN,,100,NaN,,3,5,2,6,4,6,6,4,2,7,3,5,3,3,3,7,3,7,3,6,5,7,1,3,3,5,6,3,5,3,4,3,3,1,1,1,2,3,"Voice",41404,0,25,51,17,37,31,75,1,0.486666666666667,0.446666666666667,0.446666666666667,0.533333333333333,0.813085855330678,1.5,1.46666666666667,1.4,1.43333333333333,1.43333333333333,1.43333333333333,1.6,1.56666666666667,1.46666666666667,1.56666666666667
11-Oct-2021 19:14:10,11-Oct-2021 19:20:19,0,100,369,1,11-Oct-2021 19:20:19,R_0c7ipdzRApUapuV,anonymous,EN,1,,19,4,"Rhythm","Speech pronounciations",1,2,,2,English,,,99,NaN,,NaN,,100,NaN,,4,5,2,1,5,6,3,5,2,1,3,4,3,6,4,5,6,6,4,5,4,5,5,2,7,5,7,5,1,1,6,6,6,2,6,6,1,1,"piano",42157,0,29,44,28,10,31,48,1,0.486666666666667,0.466666666666667,0.466666666666667,0.546666666666667,0.888076878808974,1.56666666666667,1.5,1.46666666666667,1.43333333333333,1.36666666666667,1.36666666666667,1.6,1.5,1.6,1.46666666666667
11-Oct-2021 22:11:46,11-Oct-2021 22:17:49,0,100,362,1,11-Oct-2021 22:17:49,R_3GBLv8Gt0oYuTp1,anonymous,EN,2,,21,5,"if i could identify a beat or rhythm","if it seemed to follow a natural speech rhythm",1,1,,2,english,polish,spanish,100,82,30,0,8,100,38,3,7,5,5,3,6,6,7,7,1,5,2,7,2,2,7,7,2,7,7,5,3,6,1,7,2,7,2,7,5,3,7,5,2,5,5,7,4,4,"guitar",41589,0,54,58,35,35,38,102,0.916666666666667,0.496666666666667,0.5,0.5,0.54,0.855648340982463,1.56666666666667,1.66666666666667,1.5,1.4,1.36666666666667,1.46666666666667,1.53333333333333,1.5,1.4,1.56666666666667
11-Oct-2021 22:41:39,11-Oct-2021 22:48:07,0,100,388,1,11-Oct-2021 22:48:08,R_1dyNZp4j41y6Mvc,anonymous,EN,2,,21,3,"I try to identify some kind of beats within an excerpt.","I try to look for some flows of daily speech in an excerpt",1,2,,2,Chinese,English,,100,87,,8,3,90,10,,3,6,1,1,3,5,5,1,1,4,3,5,2,4,3,7,4,3,4,5,7,4,5,7,3,4,6,4,4,1,6,1,1,5,1,1,1,2,"Voice",42115,0,27,38,11,24,35,58,1,0.516666666666667,0.526666666666667,0.526666666666667,0.553333333333333,0.915455925616743,1.56666666666667,1.63333333333333,1.53333333333333,1.36666666666667,1.53333333333333,1.53333333333333,1.5,1.56666666666667,1.46666666666667,1.46666666666667
11-Oct-2021 23:13:13,11-Oct-2021 23:23:19,0,100,605,1,11-Oct-2021 23:23:19,R_3GeLR660uVh2Frx,anonymous,EN,1,,18,4,"If i can identify somewhat of a rhythm or can imagine some kind of lyrics fitting into the ""syllables"" I heard.","I imagined hugging someone with my ears to their chest and imagined the sound excerpts as the vibrations i would feel when that person talks. Whatever sound had frequent up and downs that were sporadic/weren't too rhythmical felt like speech",1,1,,3,English,Korean,,100,80,,0,,90,40,,5,6,3,5,6,6,7,6,1,6,2,6,2,2,5,7,1,7,5,7,3,6,2,5,3,5,4,6,5,3,7,4,5,5,2,6,2,6,"piano",42031,0,46,54,29,38,39,91,0.916666666666667,0.506666666666667,0.546666666666667,0.546666666666667,0.693333333333333,0.999999464765739,1.93333333333333,1.7,1.33333333333333,1.43333333333333,1.33333333333333,1.2,1.2,1.56666666666667,1.76666666666667,1.6
