StartDate,EndDate,Status,Progress,Duration_inSeconds_,Finished,RecordedDate,ResponseId,DistributionChannel,UserLanguage,Q1,Q1_4_TEXT,Q5,Q9_1,Q8,Q8_2,Q10,Q11,Q11_6_TEXT,Q12,Q14,Q15,Q16,Q17_1,Q17_2,Q17_3,Q18,Q19,Q20_1,Q20_2,Q20_3,Q21_1,Q21_2,Q21_3,Q21_4,Q21_5,Q21_6,Q21_7,Q21_8,Q21_9,Q21_10,Q21_11,Q21_12,Q21_13,Q21_14,Q21_15,Q21_16,Q21_17,Q21_18,Q21_19,Q21_20,Q21_21,Q21_22,Q21_23,Q21_24,Q21_25,Q21_26,Q21_27,Q21_28,Q21_29,Q21_30,Q21_31,Q22,Q23,Q24,Q25,Q26,Q27,Q28,Q29,id,clinical,actEng,perAbi,musTra,sinAbi,emo,gen,probeACC,totalBias,totalBiasM,totalBiasS,resConsis_subj,resConsis_cdf,percResp_Music_S35_1,percResp_Music_S35_2,percResp_Music_S35_3,percResp_Music_S35_4,percResp_Music_S35_5,percResp_Speech_S35_1,percResp_Speech_S35_2,percResp_Speech_S35_3,percResp_Speech_S35_4,percResp_Speech_S35_5
21-Sep-2021 21:28:22,21-Sep-2021 21:33:00,0,100,277,1,21-Sep-2021 21:33:00,R_3nc1bZ1ClVSqbUO,anonymous,EN,1,,21,4,"rhythm and pleasing tonal shifts","speech like untimed rhythm",1,3,,2,english,tagalog,,100,50,,6,,100,10,,5,3,1,5,6,7,6,4,2,5,3,5,6,3,6,5,5,5,3,5,6,5,3,5,7,3,4,3,4,2,7,7,6,2,6,7,2,7,voice,41539,0,35,43,37,26,29,78,1,0.516666666666667,0.533333333333333,0.533333333333333,0.646666666666667,0.999886583427836,1.63333333333333,1.66666666666667,1.63333333333333,1.46666666666667,1.26666666666667,1.06666666666667,1.06666666666667,1.73333333333333,1.86666666666667,1.76666666666667
21-Sep-2021 23:49:33,21-Sep-2021 23:55:43,0,100,369,1,21-Sep-2021 23:55:43,R_2BmNsk0HI2h97zG,anonymous,EN,1,,19,4,"Finding beats and/or rhythm","spaces between noises as if someone were taking a breath",1,1,,2,english,spanish,n/a,100,35,,15,0,100,4,,5,3,1,5,5,6,7,3,2,5,3,6,3,2,3,7,2,6,4,5,6,6,2,5,7,5,3,5,2,2,6,5,2,1,1,5,1,6,piano,41543,0,31,50,25,28,31,75,1,0.47,0.446666666666667,0.446666666666667,0.686666666666667,0.999998470756005,1,1.23333333333333,1.56666666666667,1.7,1.73333333333333,1,1.26666666666667,1.66666666666667,1.76666666666667,1.76666666666667
22-Sep-2021 22:16:33,22-Sep-2021 22:24:05,0,100,452,1,22-Sep-2021 22:24:06,R_3Rf52RMOgTL4atB,anonymous,EN,2,,18,4,"Rhythm/beat","Pauses between the sound",1,1,,1,English and Korean,,,98,NaN,,NaN,,100,NaN,,4,2,1,2,6,2,4,5,5,5,2,5,2,3,4,3,4,6,4,3,6,6,2,3,4,5,3,4,3,2,3,5,3,1,6,6,2,2,Flute,41425,0,26,48,32,24,18,69,1,0.463333333333333,0.446666666666667,0.446666666666667,0.526666666666667,0.748157295711529,1.3,1.6,1.36666666666667,1.43333333333333,1.53333333333333,1.66666666666667,1.53333333333333,1.56666666666667,1.33333333333333,1.3
22-Sep-2021 23:08:25,22-Sep-2021 23:14:03,0,100,337,1,22-Sep-2021 23:14:03,R_cunQhQsiSsgqisN,anonymous,EN,1,,22,4,"the beat","the speed of the sound",1,1,,1,chinese,english,,100,70,,7,,100,80,,4,5,4,3,4,6,6,4,5,4,5,4,3,4,5,5,5,4,5,5,5,5,3,3,5,4,5,4,4,4,5,1,1,1,1,1,1,3,voice,41947,0,31,40,12,27,28,63,1,0.563333333333333,0.48,0.48,0.78,0.999999999998257,2,1.8,1.16666666666667,1.16666666666667,1.26666666666667,1.13333333333333,1.3,1.93333333333333,1.93333333333333,1.93333333333333
23-Sep-2021 00:20:50,23-Sep-2021 00:27:55,0,100,424,1,23-Sep-2021 00:27:55,R_2zLLBoPKR1L8cap,anonymous,EN,1,,19,4,"Rhythm","Cadence, not as many jumps",1,1,,2,Mandarin Chinese,English,,35,100,,5,,75,100,,5,5,5,4,3,4,1,7,3,1,5,5,4,7,6,6,5,4,5,6,6,4,6,7,6,5,7,5,1,1,5,1,1,1,1,1,1,5,,41545,0,43,34,7,13,32,52,1,0.453333333333333,0.466666666666667,0.466666666666667,0.546666666666667,0.868282357220406,1.26666666666667,1.5,1.46666666666667,1.5,1.6,1.26666666666667,1.36666666666667,1.5,1.46666666666667,1.6
23-Sep-2021 01:26:17,23-Sep-2021 01:29:40,0,100,203,1,23-Sep-2021 01:29:41,R_z84lNyMOYDSVn5D,anonymous,EN,1,,18,5,"rhythm and melody","basic rhythm",1,1,,1,English,Mandarin,,100,82,,1,,71,31,,7,6,6,2,7,7,7,7,1,4,2,7,1,1,4,6,6,7,7,7,2,7,3,7,7,7,4,7,7,1,7,7,6,1,7,7,3,7,piano,41696,0,52,60,41,24,40,93,1,0.486666666666667,0.48,0.48,0.52,0.713149244260649,1.43333333333333,1.56666666666667,1.4,1.46666666666667,1.53333333333333,1.46666666666667,1.46666666666667,1.66666666666667,1.56666666666667,1.3
23-Sep-2021 13:45:00,23-Sep-2021 14:46:22,0,100,3681,1,23-Sep-2021 14:46:23,R_XFjnwmzA46ejxXr,anonymous,EN,1,,19,5,"trying to hear words or the rhythm of music","trying to hear small pauses between the noise to indicate it possibly being words",1,4,,3,english,spanish,,100,63,,5,,100,31,,4,5,3,2,4,6,6,5,2,3,3,3,2,4,5,5,5,6,4,5,5,5,4,7,6,5,1,5,6,5,7,1,1,1,1,1,1,6,,41857,0,39,44,16,27,32,66,1,0.49,0.486666666666667,0.486666666666667,0.766666666666667,0.999999999994212,1,1.2,1.5,1.83333333333333,1.9,1,1.03333333333333,1.66666666666667,1.9,1.86666666666667
23-Sep-2021 18:19:50,23-Sep-2021 18:27:45,0,100,475,1,23-Sep-2021 18:27:45,R_velTmn7okmdThEB,anonymous,EN,1,,19,4,"Finding some sort of rhythm or beat.","Pauses and different lengths of stretches of noise.",1,1,,2,English,Hebrew,,100,65,,5,,95,5,,7,4,1,6,4,4,2,3,1,1,4,5,3,2,7,7,7,6,2,2,7,5,5,7,7,5,7,6,5,2,7,5,2,2,1,5,1,6,piano,41430,0,40,41,21,18,29,63,1,0.39,0.366666666666667,0.366666666666667,0.633333333333333,0.99726067804842,1.13333333333333,1.2,1.56666666666667,1.43333333333333,1.5,1.03333333333333,1.1,1.5,1.83333333333333,1.6
23-Sep-2021 20:15:50,23-Sep-2021 20:23:59,0,100,488,1,23-Sep-2021 20:23:59,R_33mbiryULuHWx3d,anonymous,EN,1,,21,3,"not too fast but also not very smooth","sounds that were relatively fast paced and felt as though there were breaths taken in the middle",1,1,,2,English,Arabic,,97,91,,0,,50,50,,1,5,1,1,6,5,1,4,2,1,5,1,2,4,1,7,5,5,1,4,7,6,2,4,6,1,7,4,7,2,7,1,1,2,1,1,1,2,voice,41914,0,20,39,10,17,30,38,1,0.543333333333333,0.52,0.52,0.726666666666667,0.999999991879471,1.13333333333333,1.4,1.86666666666667,1.7,1.5,1.1,1.33333333333333,1.76666666666667,1.76666666666667,1.86666666666667
23-Sep-2021 21:23:26,23-Sep-2021 21:30:34,0,100,428,1,23-Sep-2021 21:30:35,R_21nDNPw6UKpCOeB,anonymous,EN,1,,18,4,"Rhythm","Rhythm",1,4,,2,Chinese,English,,100,80,,6,,70,30,,2,4,2,1,6,7,6,5,1,4,4,6,2,5,2,5,5,6,6,7,6,7,2,3,4,6,6,5,5,1,7,5,5,1,1,5,3,1,The piano,41934,0,23,54,24,24,36,68,1,0.48,0.46,0.46,0.506666666666667,0.589084982276736,1.16666666666667,1.46666666666667,1.56666666666667,1.6,1.5,1.2,1.53333333333333,1.66666666666667,1.66666666666667,1.43333333333333
24-Sep-2021 00:04:55,24-Sep-2021 00:10:56,0,100,361,1,24-Sep-2021 00:10:56,R_28OFvwQ138pOsrX,anonymous,EN,1,,21,3,"","abrupt pauses in the middle of the noise",1,1,,3,English,Korean,Chinese,95,95,40,1,14,60,35,5,4,1,1,5,6,5,6,1,3,6,3,5,1,2,4,6,4,5,4,4,5,5,3,4,3,5,5,1,5,2,6,6,5,1,1,6,3,4,violin,37831,0,23,48,30,33,26,81,0.916666666666667,0.546666666666667,0.486666666666667,0.486666666666667,0.573333333333333,0.96196400330232,1.4,1.6,1.5,1.43333333333333,1.5,1.13333333333333,1.46666666666667,1.76666666666667,1.86666666666667,1.8
24-Sep-2021 00:05:25,24-Sep-2021 00:12:54,0,100,448,1,24-Sep-2021 00:12:54,R_2rYNQn54XmrRN1F,anonymous,EN,1,,19,4,"I tried to follow patterns that I know exist within music and I tried to identify those patterns in the sounds. If I felt like a sounds was too slow or too many pauses in it, traits that I found uncommon in the music I know, I would say it wasn't a music sound.","Similar to the music criteria, I tried to identify speech patterns that I know and understand, and tried to based my decision off of that.",1,1,,2,English,Korean,N/A,98,55,,15,0,100,16,,3,7,1,5,6,6,6,5,1,3,5,5,6,2,5,6,2,5,4,6,6,5,3,5,6,5,6,5,6,5,7,1,1,1,1,1,1,1,Voice,41433,0,28,42,13,33,37,67,0.916666666666667,0.456666666666667,0.486666666666667,0.486666666666667,0.553333333333333,0.902635249724435,1.23333333333333,1.33333333333333,1.46666666666667,1.6,1.8,1.1,1.33333333333333,1.8,1.46666666666667,1.43333333333333
24-Sep-2021 01:05:40,24-Sep-2021 01:11:45,0,100,365,1,24-Sep-2021 01:11:45,R_6YCRXTYx8Xxi8Qp,anonymous,EN,1,,19,4,"If the sound goes on for longer and there are less pauses between them","If there are short segments of sounds and pauses between them",1,4,,1,Vietnamese,English,,100,90,,7,,25,75,,7,3,1,1,1,3,1,1,3,1,7,1,1,7,1,7,5,5,1,5,5,5,3,6,1,5,7,7,5,3,6,1,1,2,1,1,1,3,,41523,0,31,33,7,21,27,45,0.916666666666667,0.493333333333333,0.393333333333333,0.393333333333333,0.546666666666667,0.889316549946638,1.36666666666667,1.46666666666667,1.36666666666667,1.36666666666667,1.4,1.2,1.4,1.73333333333333,1.83333333333333,1.8
24-Sep-2021 01:44:46,24-Sep-2021 01:48:51,0,100,245,1,24-Sep-2021 01:48:51,R_3fpEQVE6VeXOTlk,anonymous,EN,1,,19,4,"Either more rhythmic, following a beat or flowy.","Either sounding chatter like or like a sigh",1,2,,2,English,Malay,,95,60,,8,,95,5,,5,5,2,2,7,6,6,3,2,6,6,6,6,2,6,6,3,6,6,6,5,6,3,5,5,5,2,5,3,3,7,6,5,3,4,6,2,3,Piano,41462,0,35,45,35,28,36,85,1,0.453333333333333,0.44,0.44,0.453333333333333,0.121338008298744,1.73333333333333,1.43333333333333,1.43333333333333,1.23333333333333,1.36666666666667,1.36666666666667,1.4,1.5,1.5,1.56666666666667
24-Sep-2021 12:18:18,24-Sep-2021 12:22:03,0,100,225,1,24-Sep-2021 12:22:04,R_ANWQGxD5Er1el9L,anonymous,EN,2,,20,4,"Fast, rhythmic patterns","Fast and slow speaking patterns",1,1,,2,English,,,100,NaN,,NaN,,100,NaN,,6,6,5,7,5,5,3,7,1,5,5,4,5,2,6,6,7,4,4,6,3,5,5,7,5,5,6,6,5,5,5,2,2,1,1,3,1,4,Violin,42066,0,47,37,17,29,34,72,0.916666666666667,0.47,0.42,0.42,0.593333333333333,0.990095670060835,1.16666666666667,1.23333333333333,1.33333333333333,1.7,1.66666666666667,1.26666666666667,1.43333333333333,1.6,1.73333333333333,1.56666666666667
24-Sep-2021 12:32:40,24-Sep-2021 12:38:17,0,100,336,1,24-Sep-2021 12:38:17,R_9FWtI551rPZ5Sxj,anonymous,EN,1,,19,4,"If I found a rhythm I considered it music.","If I felt I could almost hear a conversation I considered it as speech.",1,1,,2,Spanish,English,,82,100,,3,,65,92,,4,3,2,1,2,5,4,4,5,3,5,3,5,4,3,5,4,3,3,3,3,3,6,4,3,3,5,3,3,3,5,2,1,1,1,1,1,4,voice,41768,0,30,27,13,23,22,52,1,0.463333333333333,0.453333333333333,0.453333333333333,0.526666666666667,0.748157295711529,1.36666666666667,1.43333333333333,1.53333333333333,1.4,1.53333333333333,1.33333333333333,1.3,1.5,1.63333333333333,1.6
24-Sep-2021 12:58:55,24-Sep-2021 13:06:05,0,100,430,1,24-Sep-2021 13:06:05,R_1IT2ragTQhGvU0y,anonymous,EN,2,,18,5,"The flow of the sound","How fast the sound was moving",1,2,,2,English,Spanish,,79,59,,4,,100,37,,7,7,7,2,3,5,4,3,1,1,4,5,3,7,7,7,4,6,7,7,7,5,7,7,7,3,7,7,1,1,7,1,1,1,1,1,1,7,None,41564,0,47,37,7,14,42,59,1,0.453333333333333,0.38,0.38,0.506666666666667,0.554862392933193,1.23333333333333,1.26666666666667,1.5,1.43333333333333,1.46666666666667,1.53333333333333,1.6,1.66666666666667,1.66666666666667,1.16666666666667
24-Sep-2021 15:27:30,24-Sep-2021 15:37:45,0,100,615,1,24-Sep-2021 15:37:46,R_2ypjk0zEyNWQFf0,anonymous,EN,1,,18,5,"An excerpt usually sounded like music if the noise sounded a bit dragged out.","An excerpt usually sounded like speech if the changes in noise was short.",1,1,,2,Chinese (Hakka),Chinese (Cantonese),English,80,40,100,3,4,20,0,80,5,5,1,3,5,6,7,5,2,6,1,4,2,3,5,7,3,7,4,5,3,6,1,7,3,5,1,5,5,2,7,7,3,1,3,7,4,7,piano,41658,0,41,53,36,33,34,90,1,0.466666666666667,0.573333333333333,0.573333333333333,0.613333333333333,0.997561672002283,1.83333333333333,1.63333333333333,1.5,1.56666666666667,1.33333333333333,1.03333333333333,1,1.46666666666667,1.56666666666667,1.73333333333333
24-Sep-2021 15:58:30,24-Sep-2021 16:04:50,0,100,379,1,24-Sep-2021 16:04:50,R_bskWGuTuK1tDUaJ,anonymous,EN,2,,20,3,"it has low frequency","it has high frequency",1,2,,2,Chinese,English,,100,100,,8,,50,50,,4,5,2,2,5,6,7,4,3,5,4,7,1,4,4,5,3,4,3,4,6,4,4,4,5,5,7,3,5,4,6,5,6,1,1,5,2,2,clarinet,41874,0,26,46,24,31,28,73,1,0.48,0.46,0.46,0.893333333333333,1,2,1.86666666666667,1.33333333333333,1.03333333333333,1.06666666666667,1,1.16666666666667,1.53333333333333,1.86666666666667,1.93333333333333
24-Sep-2021 17:26:04,24-Sep-2021 17:31:10,0,100,305,1,24-Sep-2021 17:31:10,R_2qslFciahjMR0hU,anonymous,EN,1,,18,4,"The rhythmic consistency","The softness of the sound",1,1,,2,Korean,English,,100,100,,5,,60,40,,4,6,3,5,6,6,3,4,3,4,3,6,3,4,5,6,3,5,5,6,5,6,3,5,4,5,5,4,4,3,6,5,6,2,4,5,1,4,Clarinet,41575,0,34,49,28,28,34,77,1,0.473333333333333,0.473333333333333,0.473333333333333,0.64,0.999766548440996,1.6,1.46666666666667,1.5,1.36666666666667,1.43333333333333,1.13333333333333,1.23333333333333,1.5,1.66666666666667,1.83333333333333
24-Sep-2021 21:29:13,24-Sep-2021 21:34:00,0,100,286,1,24-Sep-2021 21:34:00,R_1qVbZbjwEsyozBb,anonymous,EN,1,,19,5,"Soft tone","choppy/harsh tone",1,4,,1,English,Spanish,,100,96,,2,,61,35,,5,6,5,5,6,6,7,5,1,6,1,5,2,1,6,6,1,6,5,4,2,6,1,7,1,4,2,7,6,4,7,6,4,1,2,4,1,4,Voice,41670,0,46,53,30,42,35,102,1,0.586666666666667,0.56,0.56,0.586666666666667,0.967249173788997,1.66666666666667,1.6,1.6,1.46666666666667,1.46666666666667,1.33333333333333,1.43333333333333,1.63333333333333,1.76666666666667,1.9
24-Sep-2021 22:33:12,24-Sep-2021 22:40:14,0,100,421,1,24-Sep-2021 22:40:14,R_3dFZUCjsTuBVtbO,anonymous,EN,1,,23,5,"Continuous or rhythmic sounds","Short sounds with intonation in between, syllable-like sounds",1,1,,2,Korean,English,Japanese,100,95,20,9,14,55,45,,5,3,1,3,7,5,6,3,1,6,2,6,3,2,6,7,2,7,4,5,4,6,3,5,3,5,2,5,5,3,7,6,6,7,1,6,1,3,Flute,41873,0,39,52,32,34,33,88,0.916666666666667,0.436666666666667,0.466666666666667,0.466666666666667,0.646666666666667,0.999772004991183,1.56666666666667,1.4,1.46666666666667,1.46666666666667,1.43333333333333,1,1.03333333333333,1.36666666666667,1.9,1.73333333333333
24-Sep-2021 23:20:15,24-Sep-2021 23:33:48,0,100,812,1,24-Sep-2021 23:33:48,R_30nUjSZeAkLIfjb,anonymous,EN,1,,18,4,"If it had more static noise that could indicate beats. I also looked for patterns.","If it was more static. If it sounded like mumbles.",1,1,,2,Spanish,English,,100,100,,3,,100,100,,5,3,1,1,5,7,6,4,2,5,4,1,2,4,3,6,4,5,3,6,3,4,3,3,4,5,6,5,5,4,5,1,1,1,1,1,1,4,Voice,41867,0,31,42,11,29,29,55,1,0.486666666666667,0.486666666666667,0.486666666666667,0.64,0.999788295131787,1.1,1.4,1.63333333333333,1.6,1.7,1,1.13333333333333,1.53333333333333,1.8,1.96666666666667
24-Sep-2021 23:38:13,24-Sep-2021 23:43:23,0,100,310,1,24-Sep-2021 23:43:24,R_DIPMhEjIoyEfGNz,anonymous,EN,1,,19,2,"How often the tone changed.","How fast the ""sh"" sounds went",1,1,,1,English,French,,100,30,,12,,100,2,,3,5,3,3,3,5,5,5,3,2,4,5,3,4,3,3,6,3,4,4,6,3,6,3,6,4,5,5,5,4,6,5,3,1,1,5,1,2,,41613,0,27,34,22,23,27,58,1,0.433333333333333,0.42,0.42,0.666666666666667,0.999966651639808,1.06666666666667,1.23333333333333,1.6,1.53333333333333,1.66666666666667,1.03333333333333,1.1,1.56666666666667,1.66666666666667,1.86666666666667
24-Sep-2021 23:42:24,24-Sep-2021 23:48:45,0,100,381,1,24-Sep-2021 23:48:46,R_2Bm1bl7IVv4YISq,anonymous,EN,1,,18,3,"recognizable beat / pattern","varied, natural sound",1,1,,2,english,,,100,NaN,,NaN,,NaN,NaN,,6,4,3,3,5,5,4,6,3,5,3,5,3,3,5,5,3,5,5,5,5,5,3,4,4,4,5,4,4,3,6,7,4,1,4,4,1,6,voice,41939,0,38,44,28,28,30,78,1,0.403333333333333,0.44,0.44,0.54,0.726818498762619,1.1,1.4,1.53333333333333,1.56666666666667,1.6,1.23333333333333,1.3,1.46666666666667,1.53333333333333,1.3
25-Sep-2021 12:13:28,25-Sep-2021 12:18:43,0,100,315,1,25-Sep-2021 12:18:44,R_3hbaxxovOZErjon,anonymous,EN,2,,21,4,"","",1,1,,2,Mandarin Chinese,English,,100,75,,4,,81,19,,7,7,3,3,2,6,5,4,2,3,1,3,2,6,6,6,5,2,5,5,2,6,3,4,7,6,4,5,3,4,7,5,5,1,3,5,1,3,Piano,42093,0,39,43,25,22,36,68,1,0.61,0.58,0.58,0.646666666666667,0.999070189475263,2,1.86666666666667,1.5,1.3,1.23333333333333,1.23333333333333,1.7,1.86666666666667,1.73333333333333,1.66666666666667
25-Sep-2021 18:06:35,25-Sep-2021 18:15:22,0,100,527,1,25-Sep-2021 18:15:23,R_sBGVIPJUmhLP9zr,anonymous,EN,1,,19,5,"rhythmed, with the beat, no sudden pause.","a continuous sentence with words. small pause",1,1,,1,Chinese,English,,100,71,,10,,62,40,,2,1,1,1,5,5,5,1,3,3,5,5,1,4,6,2,3,2,2,5,7,5,2,4,5,3,7,3,6,3,6,3,4,2,1,3,2,1,guitar,41905,0,21,41,18,26,21,63,1,0.506666666666667,0.513333333333333,0.513333333333333,0.546666666666667,0.889316549946638,1.4,1.56666666666667,1.5,1.56666666666667,1.53333333333333,1.16666666666667,1.4,1.7,1.6,1.63333333333333
25-Sep-2021 18:17:52,25-Sep-2021 18:23:28,0,100,336,1,25-Sep-2021 18:23:29,R_2wNuCvmRzQwdgBN,anonymous,EN,1,,22,5,"continuos noise","noise that was breaking up",1,1,,1,Polish,English,Spanish,100,100,64,6,16,9,94,,7,7,1,1,3,7,1,4,1,5,2,7,1,1,1,7,7,1,7,7,7,3,4,7,5,7,7,7,1,1,7,1,1,1,1,1,1,6,voice,42041,0,35,45,13,13,42,57,1,0.44,0.38,0.38,0.56,0.915612831952281,1.6,1.53333333333333,1.33333333333333,1.23333333333333,1.2,1.06666666666667,1.16666666666667,1.6,1.83333333333333,1.83333333333333
25-Sep-2021 19:10:52,25-Sep-2021 19:21:25,0,100,632,1,25-Sep-2021 19:21:25,R_3mgADixMErgIp7v,anonymous,EN,1,,21,4,"I didn't exactly know what kind of music they were playing, whether it was slow or fast. It might have been the music that was played beforehand but at different volume levels. So I based my identifier on the speed of the sound. If there were multiple distinct noises, I would choose that. Sometimes I would choose based on instinct.","Similar to the music, I based it on the speed of the sound. Cause assuming that someone's speaking, I do not think someone would be able to hold a long sound. So any kind of fast sounds. were what I choose in the beginning. Later on, I added in the critera for the volume, cause sometimes portions of the sound were low and others were higher.",1,4,,3,English,Taishanese,,70,50,,1,,90,70,,5,4,1,5,2,5,1,5,5,1,6,1,7,7,5,4,3,2,1,5,2,3,7,6,6,1,7,5,2,1,4,1,1,1,1,1,1,4,cello (no longer play),41903,0,38,18,7,17,21,41,1,0.543333333333333,0.626666666666667,0.626666666666667,0.606666666666667,0.995502072111202,1.43333333333333,1.56666666666667,1.6,1.7,1.83333333333333,1.16666666666667,1.16666666666667,1.6,1.6,1.76666666666667
25-Sep-2021 20:25:20,25-Sep-2021 20:28:24,0,100,183,1,25-Sep-2021 20:28:24,R_3rP7UB7RpJ4O9it,anonymous,EN,1,,19,3,"organized music pauses","continuous pauses",1,1,,1,Chinese,English,,100,80,,13,,100,80,,6,6,6,5,5,6,6,6,6,5,7,7,4,6,4,7,7,6,5,6,6,7,5,5,4,4,4,7,7,6,4,5,4,2,2,2,3,3,piano,42084,0,41,43,22,34,30,82,0.916666666666667,0.533333333333333,0.493333333333333,0.493333333333333,0.506666666666667,0.575462109878496,1.46666666666667,1.53333333333333,1.33333333333333,1.43333333333333,1.7,1.46666666666667,1.46666666666667,1.53333333333333,1.7,1.7
25-Sep-2021 20:43:17,25-Sep-2021 20:48:13,0,100,295,1,25-Sep-2021 20:48:13,R_AHEFwfKCHFaZKmd,anonymous,EN,1,,18,5,"","",1,1,,1,English,,,100,NaN,,NaN,,92,NaN,,5,5,3,5,3,5,5,5,3,5,5,5,3,4,3,5,5,3,3,5,5,5,4,5,3,5,5,5,3,3,6,6,1,1,1,1,1,1,,40849,0,31,38,17,29,29,69,1,0.513333333333333,0.48,0.48,0.6,0.994299514034873,1.36666666666667,1.76666666666667,1.53333333333333,1.46666666666667,1.26666666666667,1.06666666666667,1.53333333333333,1.96666666666667,1.76666666666667,1.4
25-Sep-2021 21:05:09,25-Sep-2021 21:11:47,0,100,397,1,25-Sep-2021 21:11:47,R_3HwCY8Q5sos2H78,anonymous,EN,1,,18,4,"I checked to see if they were short rhythmic beats or any pattern to the recording.","The ones with short beats sounded like words.",1,2,,3,chinese,english,,90,95,,4,,70,100,,5,3,1,2,2,6,5,4,3,4,4,5,3,5,4,3,6,5,3,5,6,4,5,6,6,3,6,5,5,5,5,2,2,1,1,3,1,7,violin,41532,0,35,37,14,25,24,57,1,0.376666666666667,0.36,0.36,0.646666666666667,0.998463629426496,1.16666666666667,1.16666666666667,1.43333333333333,1.46666666666667,1.56666666666667,1.06666666666667,1.03333333333333,1.3,1.7,1.86666666666667
25-Sep-2021 22:13:11,25-Sep-2021 22:17:34,0,100,262,1,25-Sep-2021 22:17:34,R_2ypwMa0gnntG05O,anonymous,EN,1,,21,4,"soft/consistent","concentrated, short pause",1,2,,2,Chinese,English,,100,77,,7,,60,40,,5,3,3,3,7,6,6,6,6,6,6,6,6,6,6,6,6,6,6,6,6,6,6,6,6,6,6,6,6,6,6,3,1,1,2,3,1,3,,42073,0,38,43,14,31,29,68,0.916666666666667,0.58,0.506666666666667,0.506666666666667,0.653333333333333,0.999812174129123,1.5,1.8,1.76666666666667,1.33333333333333,1.13333333333333,1.1,1.66666666666667,1.8,1.86666666666667,1.83333333333333
25-Sep-2021 23:27:15,25-Sep-2021 23:34:25,0,100,429,1,25-Sep-2021 23:34:25,R_1F4Zhjl4oPJFo5a,anonymous,EN,1,,18,5,"whether the sounds were vaguely rythmic","lack of long continuous static",1,2,,2,English,Chinese,,95,61,,1,,75,25,,4,4,1,2,6,6,6,4,3,2,2,5,1,3,4,5,7,6,4,4,5,6,5,4,7,4,3,3,3,1,5,7,5,1,3,7,2,1,piano,41681,0,25,49,34,16,27,64,1,0.596666666666667,0.633333333333333,0.633333333333333,0.58,0.943795659384139,1.5,1.66666666666667,1.66666666666667,1.73333333333333,1.6,1.1,1.43333333333333,1.7,1.86666666666667,1.7
25-Sep-2021 23:58:27,26-Sep-2021 00:02:00,0,100,213,1,26-Sep-2021 00:02:01,R_PwajXnYBZyE3ayB,anonymous,EN,2,,21,5,"flow of the sound,if it flows smoothly it is music","flow of the sound, if it fluctuates it is speech",1,1,,1,english,chinese,,100,80,,1,,100,30,,6,4,1,1,1,7,7,6,1,3,5,2,2,4,6,6,5,4,4,6,2,2,5,3,7,2,7,7,6,5,7,1,1,2,1,1,1,6,,41965,0,43,30,10,26,34,54,1,0.53,0.54,0.54,0.726666666666667,0.999999993830445,1.9,1.83333333333333,1.56666666666667,1.13333333333333,1.26666666666667,1.03333333333333,1.13333333333333,1.7,1.86666666666667,1.86666666666667
25-Sep-2021 23:59:55,26-Sep-2021 00:05:59,0,100,364,1,26-Sep-2021 00:06:00,R_24HjdnWAK67kbEy,anonymous,EN,2,,19,5,"How fast the tones changed and the speed of the audio.","If the audio was more consistent I thought it was speech.",1,2,,2,English,Spanish,,90,40,,5,,90,10,,2,5,1,3,6,3,2,3,5,1,5,5,3,6,3,6,7,5,3,4,6,5,3,3,7,2,7,5,2,1,5,2,2,2,1,3,1,3,Piano,41537,0,24,39,12,11,26,40,1,0.583333333333333,0.6,0.6,0.526666666666667,0.653196228993654,1.7,1.4,1.56666666666667,1.66666666666667,1.66666666666667,1.46666666666667,1.8,1.63333333333333,1.5,1.43333333333333
26-Sep-2021 00:07:26,26-Sep-2021 00:15:25,0,100,479,1,26-Sep-2021 00:15:26,R_2fxmT7Ao3QvccbK,anonymous,EN,1,,20,3,"slow excerpts or faster ones with repetitive tones","fast excerpts with random tones",1,1,,1,English,Arabic,,100,100,,0,,81,19,,5,5,4,5,5,5,5,5,2,5,3,5,3,3,4,5,3,3,4,5,5,5,3,5,4,5,3,5,5,3,5,7,6,3,2,1,1,4,voice,40041,0,38,43,27,32,30,85,1,0.543333333333333,0.553333333333333,0.553333333333333,0.74,0.999999998987221,1.96666666666667,1.86666666666667,1.63333333333333,1.2,1.1,1.06666666666667,1.03333333333333,1.76666666666667,1.9,1.9
26-Sep-2021 00:41:15,26-Sep-2021 00:46:09,0,100,293,1,26-Sep-2021 00:46:09,R_cVn2LKKyMrXujAd,anonymous,EN,2,,19,4,"By intuition","interruption",1,4,,2,Chinese,English,,100,60,,8,,80,23,,2,2,1,1,4,7,6,6,3,1,6,4,5,7,2,2,5,3,4,3,5,3,5,3,6,5,6,4,1,1,6,1,1,1,1,1,1,4,voice,41444,0,26,34,8,15,22,39,1,0.43,0.4,0.4,0.713333333333333,0.999999874538498,1.3,1.13333333333333,1.4,1.46666666666667,1.7,1,1.06666666666667,1.6,1.73333333333333,1.9
26-Sep-2021 01:37:25,26-Sep-2021 01:42:25,0,100,300,1,26-Sep-2021 01:42:26,R_2rZRB67d0mfyxyK,anonymous,EN,2,,19,4,"The speed at which the sound would change.","The intervals between the sounds.",1,1,,1,English,Korean,,100,70,,3,,100,40,,5,1,1,1,7,7,1,7,1,2,1,7,1,7,7,7,7,7,7,7,7,7,1,7,7,7,7,7,1,1,7,5,5,1,1,5,1,7,Cello,41412,0,43,63,19,8,36,61,1,0.576666666666667,0.633333333333333,0.633333333333333,0.62,0.997003192794496,1.26666666666667,1.6,1.7,1.8,1.8,1.13333333333333,1.43333333333333,1.73333333333333,1.76666666666667,1.53333333333333
26-Sep-2021 02:05:49,26-Sep-2021 02:10:49,0,100,300,1,26-Sep-2021 02:10:50,R_27I0g3Q1Rk05U7l,anonymous,EN,1,,18,4,"","",1,1,,3,english/chinese,,,NaN,NaN,,NaN,,NaN,NaN,,3,3,1,2,5,5,4,3,4,5,3,2,2,3,2,5,5,5,3,3,6,6,3,3,3,3,5,2,4,3,2,4,3,1,2,5,1,2,cello,41842,0,19,42,23,26,20,58,1,0.513333333333333,0.52,0.52,0.533333333333333,0.813085855330678,1.26666666666667,1.36666666666667,1.53333333333333,1.73333333333333,1.7,1.3,1.5,1.63333333333333,1.53333333333333,1.56666666666667
26-Sep-2021 02:36:33,26-Sep-2021 02:45:43,0,100,549,1,26-Sep-2021 02:45:43,R_3GjjbMaLtliy2hn,anonymous,EN,1,,18,5,"continuous noise","have some pauses but not too fast",1,2,,2,Chinese,English,Spanish,100,75,30,3,12,40,57,3,5,5,3,5,5,3,5,5,2,5,3,5,3,2,4,6,3,3,5,7,5,5,3,5,5,2,6,3,5,3,7,4,4,5,1,5,2,1,piano,41777,0,34,38,24,31,36,78,1,0.486666666666667,0.52,0.52,0.626666666666667,0.999294119277046,1.8,1.76666666666667,1.66666666666667,1.2,1.16666666666667,1.1,1.23333333333333,1.6,1.76666666666667,1.56666666666667
26-Sep-2021 12:24:49,26-Sep-2021 12:28:51,0,100,242,1,26-Sep-2021 12:28:52,R_3hhf00HJAhv2it8,anonymous,EN,2,,19,5,"rhythm, pauses","rhythm, speed",1,2,,2,English,Korean,,100,60,,1,,90,10,,5,7,1,2,4,7,5,6,2,4,2,3,2,5,2,7,6,7,2,3,7,7,4,6,7,5,7,1,6,5,7,5,2,1,1,5,2,4,piano,41827,0,27,49,19,25,32,56,1,0.51,0.533333333333333,0.533333333333333,0.446666666666667,0.109351599338841,1.46666666666667,1.53333333333333,1.56666666666667,1.66666666666667,1.43333333333333,1.43333333333333,1.6,1.3,1.56666666666667,1.53333333333333
26-Sep-2021 13:04:31,26-Sep-2021 13:08:06,0,100,214,1,26-Sep-2021 13:08:06,R_ZrGtjXWuq8FXjsB,anonymous,EN,1,,18,2,"listening to beats","listening to spaces in between sounds",1,2,,2,English,,,100,NaN,,NaN,,NaN,NaN,,6,6,3,2,6,4,2,4,2,4,3,3,4,3,2,4,3,5,3,2,5,4,4,3,2,6,3,2,2,4,2,4,3,1,3,5,1,4,flute,41740,0,28,41,26,25,23,63,1,0.446666666666667,0.486666666666667,0.486666666666667,0.506666666666667,0.541907836290571,1.46666666666667,1.46666666666667,1.53333333333333,1.43333333333333,1.53333333333333,1.56666666666667,1.4,1.4,1.36666666666667,1.3
26-Sep-2021 13:04:49,26-Sep-2021 13:10:21,0,100,331,1,26-Sep-2021 13:10:21,R_1OOmH1vmbZ4TFjQ,anonymous,EN,2,,19,4,"Identifying rhythm and phrasing","irregular patterns and moderate pace",1,4,,2,English,Mandarin,,100,50,,3,,90,10,,7,7,6,3,7,5,7,7,1,6,3,7,2,2,7,7,2,6,6,6,4,6,3,7,5,6,2,7,5,2,7,6,5,2,5,6,3,5,Cello,41408,0,52,53,37,32,40,101,1,0.54,0.56,0.56,0.586666666666667,0.983456354267805,1.3,1.73333333333333,1.66666666666667,1.66666666666667,1.43333333333333,1.26666666666667,1.53333333333333,1.73333333333333,1.56666666666667,1.5
26-Sep-2021 13:54:16,26-Sep-2021 14:02:11,0,100,475,1,26-Sep-2021 14:02:12,R_2Yog6ZCJKUid3yH,anonymous,EN,1,,23,4,"Rhythm","Beats",1,1,,1,Chinese,English,Japanese,100,100,76,3,12,100,94,67,6,6,1,1,5,4,5,2,1,1,3,4,3,4,2,6,2,4,4,4,4,5,5,6,1,3,6,3,5,3,7,7,2,1,1,7,1,5,Piano,41712,0,30,38,24,28,34,67,1,0.41,0.38,0.38,0.5,0.376012292245164,1.33333333333333,1.36666666666667,1.3,1.4,1.5,1.13333333333333,1.4,1.5,1.63333333333333,1.53333333333333
26-Sep-2021 14:47:21,26-Sep-2021 14:53:02,0,100,341,1,26-Sep-2021 14:53:02,R_10I9OcEGzXJ4a2I,anonymous,EN,2,,19,4,"differences in volume, rhythmic sounds and repetitive noises","if there were pauses in the noises sometimes, less difference in volume, not constant noise",1,1,,2,spanish,english,,100,100,,1,,50,100,,5,6,4,4,6,7,6,5,1,5,1,6,1,3,5,5,2,7,3,5,2,7,3,7,4,5,5,5,6,4,6,1,5,2,2,1,2,7,voice,41822,0,46,57,19,35,32,82,1,0.426666666666667,0.426666666666667,0.426666666666667,0.533333333333333,0.737048164169313,1.36666666666667,1.4,1.33333333333333,1.46666666666667,1.56666666666667,1.13333333333333,1.23333333333333,1.63333333333333,1.43333333333333,1.7
26-Sep-2021 15:00:06,26-Sep-2021 15:06:22,0,100,376,1,26-Sep-2021 15:06:22,R_3n1oNDgL7AegjVP,anonymous,EN,1,,18,4,"I searched for a repetitive noise or sporadic noises (higher or lower pitches) that resembled a rhythm.","I searched for some pauses in between noises and variations in pitch.",1,1,,2,English,,,100,NaN,,NaN,,100,NaN,,5,7,1,2,5,5,5,5,1,2,2,5,2,7,3,5,7,6,2,7,5,5,2,7,7,2,7,7,5,1,7,4,2,1,1,5,1,2,piano,41448,0,34,46,15,17,35,54,1,0.44,0.426666666666667,0.426666666666667,0.653333333333333,0.999889087446998,1.03333333333333,1.06666666666667,1.53333333333333,1.76666666666667,1.73333333333333,1.06666666666667,1.26666666666667,1.6,1.73333333333333,1.6
26-Sep-2021 15:17:23,26-Sep-2021 15:29:56,0,100,753,1,26-Sep-2021 15:29:56,R_Az0sY3muI3zXroZ,anonymous,EN,1,,19,3,"Listen to the rhythm. If it is slow, the excerpt must be music. If it is sometimes slow sometimes fast, it might also be music.","If the rhythm has a consistent speed and is fast, the excerpt might be a speech.",1,1,,2,Chinese,English,,70,100,,7,,50,50,,3,3,1,1,6,1,1,1,5,6,5,5,1,3,1,6,1,7,3,3,7,7,5,3,6,3,5,2,3,1,2,1,4,1,1,1,1,3,guitar,41497,0,16,42,16,21,20,53,1,0.51,0.48,0.48,0.793333333333333,0.999999999999969,1.86666666666667,1.86666666666667,1.36666666666667,1.13333333333333,1.16666666666667,1,1,1.73333333333333,1.96666666666667,2
26-Sep-2021 15:34:24,26-Sep-2021 15:38:41,0,100,257,1,26-Sep-2021 15:38:41,R_DNwebeSispEgc5H,anonymous,EN,1,,18,2,"rhythm and patterns","patterns, inflection",1,4,,1,English,Mandarin,French,100,80,50,1,11,85,14,1,5,5,6,4,6,7,5,6,2,5,2,5,2,2,6,6,3,6,7,7,5,6,3,7,6,7,2,6,5,5,7,7,4,4,6,7,4,4,flute,41646,0,47,54,40,31,38,94,1,0.48,0.473333333333333,0.473333333333333,0.653333333333333,0.999940560259621,1.03333333333333,1.26666666666667,1.63333333333333,1.73333333333333,1.7,1.03333333333333,1.33333333333333,1.73333333333333,1.76666666666667,1.56666666666667
26-Sep-2021 15:37:02,26-Sep-2021 15:41:13,0,100,250,1,26-Sep-2021 15:41:13,R_1LXqqUrg5eqqKxc,anonymous,EN,1,,18,4,"I used rhythm as one","I used long pauses as one",1,1,,3,English,,,100,NaN,,NaN,,100,NaN,,5,6,3,5,4,4,5,6,5,4,5,2,3,7,5,4,6,5,5,2,6,5,5,6,6,7,7,3,5,5,7,1,1,2,1,1,1,7,voice,41815,0,39,38,7,28,27,57,1,0.533333333333333,0.533333333333333,0.533333333333333,0.546666666666667,0.879120977109155,1.16666666666667,1.43333333333333,1.53333333333333,1.8,1.73333333333333,1.36666666666667,1.43333333333333,1.56666666666667,1.76666666666667,1.53333333333333
26-Sep-2021 16:05:19,26-Sep-2021 16:10:09,0,100,289,1,26-Sep-2021 16:10:09,R_24kGabNQ1nXeNIT,anonymous,EN,1,,18,2,"if the excerpt contained beats","if the excerpt contained short pulses instead of one long sound",1,4,,1,english,chinese,,100,52,,2,,50,50,,3,3,3,2,4,6,4,4,5,4,4,5,3,3,3,3,4,5,5,3,5,5,2,2,4,5,5,3,4,4,4,3,3,1,4,4,1,3,guitar,41701,0,25,45,23,26,21,64,1,0.45,0.453333333333333,0.453333333333333,0.686666666666667,0.99999777686441,1.16666666666667,1.1,1.6,1.86666666666667,1.53333333333333,1.13333333333333,1.3,1.33333333333333,1.73333333333333,1.73333333333333
26-Sep-2021 16:52:38,26-Sep-2021 16:55:54,0,100,195,1,26-Sep-2021 16:55:54,R_2YyT4IedEMa5JcH,anonymous,EN,1,,18,3,"If I could identify some sense. of beats or rhythym.","If it sounded more melodic.",1,1,,2,English,,,100,NaN,,NaN,,100,NaN,,6,6,3,6,6,6,7,6,1,6,6,6,2,4,6,6,2,6,6,6,2,6,2,4,4,6,6,6,6,6,6,1,1,1,1,1,1,4,Voice,41766,0,42,50,11,41,37,81,1,0.496666666666667,0.48,0.48,0.513333333333333,0.658183973514556,1.56666666666667,1.53333333333333,1.56666666666667,1.53333333333333,1.2,1.56666666666667,1.63333333333333,1.56666666666667,1.43333333333333,1.36666666666667
26-Sep-2021 17:16:22,26-Sep-2021 17:22:02,0,100,339,1,26-Sep-2021 17:22:02,R_Zq94baYZGXcVsCR,anonymous,EN,1,,18,3,"A rhythm to the noise","Breaks between the noise",1,1,,2,English,Spanish,,100,100,0,1,,100,90,,5,5,3,5,3,5,5,5,2,3,4,5,4,4,4,6,4,4,5,6,4,4,5,6,4,5,4,5,5,3,6,5,5,3,1,6,2,6,clarinet,41876,0,41,37,27,29,34,77,1,0.463333333333333,0.413333333333333,0.413333333333333,0.593333333333333,0.989506385978586,1.13333333333333,1.36666666666667,1.53333333333333,1.43333333333333,1.6,1.13333333333333,1.26666666666667,1.73333333333333,1.7,1.73333333333333
26-Sep-2021 17:25:40,26-Sep-2021 17:32:59,0,100,438,1,26-Sep-2021 17:32:59,R_1KlEk0mwRIe5n8R,anonymous,EN,2,,19,4,"the beats","how intensity of the sound goes",1,1,,1,Chinese,English,,100,71,,5,,91,8,,6,5,2,4,7,6,5,6,6,6,5,5,3,4,6,4,3,7,6,7,6,7,2,5,5,5,4,5,5,1,5,3,4,1,1,1,2,3,guitar,41478,0,36,51,19,29,29,81,1,0.503333333333333,0.526666666666667,0.526666666666667,0.726666666666667,0.99999999520346,1.03333333333333,1.1,1.7,1.93333333333333,1.86666666666667,1,1.2,1.63333333333333,1.63333333333333,1.93333333333333
26-Sep-2021 17:27:57,26-Sep-2021 18:20:52,0,100,3175,1,26-Sep-2021 18:20:53,R_sih5QpDVjuIELvP,anonymous,EN,2,,19,4,"Hearing some form of rhythm, and imagining the excerpts as possible songs or beats, etc.","Imagining if the excerpt could've been from dialogue or conversation, with the pauses and speed/rhythm of a person speaking",1,2,,2,English,Chinese,French,100,77,67,1,11,97,37,10,5,5,2,4,5,4,5,5,3,5,3,4,3,3,5,5,4,5,5,5,5,5,4,5,3,4,3,5,5,4,6,6,3,2,6,6,2,5,violin,41888,0,37,41,33,32,31,79,1,0.393333333333333,0.353333333333333,0.353333333333333,0.653333333333333,0.999541171994719,1.06666666666667,1.1,1.46666666666667,1.43333333333333,1.7,1,1.16666666666667,1.5,1.73333333333333,1.76666666666667
26-Sep-2021 18:15:44,26-Sep-2021 18:24:57,0,100,552,1,26-Sep-2021 18:24:57,R_3lFxve401UsAv8g,anonymous,EN,1,,19,2,"If the noise seemed smooth and not too erratic, and/or it sounded like there was some sort of rhythm, I tended to believe it was music.","If the noise didn't seem too smooth, and if there were any fluctuations with how the noise sounded, I tended to believe it was speech.",1,1,,2,Spanish,English,,80,100,,2,,80,100,,3,5,1,1,5,5,5,3,3,3,4,5,3,2,1,3,5,6,3,3,7,6,5,3,6,3,5,2,5,3,7,6,3,1,3,6,3,2,voice,41708,0,17,42,30,22,26,59,1,0.563333333333333,0.546666666666667,0.546666666666667,0.633333333333333,0.999242046233648,1.53333333333333,1.7,1.6,1.43333333333333,1.46666666666667,1.06666666666667,1.36666666666667,1.9,1.73333333333333,1.83333333333333
26-Sep-2021 18:55:57,26-Sep-2021 19:00:36,0,100,279,1,26-Sep-2021 19:00:37,R_3ha0arHGIysa1sm,anonymous,EN,1,,18,4,"I assumed longer sounds were music","I figured sounds that were more paused would resemble words",1,1,,2,Spanish,English,French,100,100,19,1,4,61,40,,5,5,2,6,6,5,5,6,2,7,2,6,2,3,6,6,2,6,5,6,4,5,2,5,4,5,5,6,6,5,5,5,3,1,1,3,1,2,voice,39786,0,37,51,21,39,33,86,1,0.473333333333333,0.473333333333333,0.473333333333333,0.84,1,1.93333333333333,1.93333333333333,1.33333333333333,1.1,1.06666666666667,1,1.03333333333333,1.53333333333333,1.86666666666667,1.93333333333333
26-Sep-2021 18:58:19,26-Sep-2021 19:05:28,0,100,428,1,26-Sep-2021 19:05:28,R_sCinsyykI3PJo2J,anonymous,EN,1,,19,4,"I listened for rhythm. This means I would look mainly for pauses that might indicate a sort of drum pattern. Anything noise that was too continuous, I didn't choose as music.","Any noise with more pauses felt like someone was talking. If the noise was continuous, it felt like it wasn't speech because it seemed like there was no room to breathe.",1,4,,1,English,Spanish,,100,80,,0,,100,30,,7,7,5,7,7,7,7,7,3,6,2,5,2,1,7,7,7,7,5,6,2,7,1,7,5,5,1,5,5,3,7,7,3,3,7,7,6,6,Piano,41717,0,53,57,44,32,37,102,1,0.533333333333333,0.526666666666667,0.526666666666667,0.64,0.999748891109176,1.33333333333333,1.36666666666667,1.5,1.66666666666667,1.76666666666667,1.06666666666667,1.16666666666667,1.63333333333333,1.86666666666667,1.96666666666667
26-Sep-2021 20:39:23,26-Sep-2021 20:50:03,0,100,640,1,26-Sep-2021 20:50:04,R_3ETss12eADc9rEs,anonymous,EN,4,Non-binary,21,4,"Music tends to be rhythmic. Some notes are prolonged or syncopated. Sometimes there are also repeated patterns.","Speech is more random compared to music. It does not have a recognizable beat. Occasionally there are intense cadences that make speech somehow indistinguishable from some music.",1,4,,1,Mandarin,English,,100,88,,5,,81,76,,5,6,7,3,5,5,6,7,2,4,5,7,5,3,7,7,5,4,5,6,3,5,3,7,5,5,5,6,3,3,7,2,5,2,1,2,1,4,Vocal,41736,0,50,42,19,25,37,81,1,0.51,0.586666666666667,0.586666666666667,0.526666666666667,0.767228345442068,1.5,1.7,1.53333333333333,1.56666666666667,1.63333333333333,1.16666666666667,1.26666666666667,1.5,1.63333333333333,1.6
26-Sep-2021 21:18:27,26-Sep-2021 21:26:57,0,100,510,1,26-Sep-2021 21:26:58,R_1DMWZJzePtyjeK6,anonymous,EN,2,,21,3,"Seek whether there is a rhythm and see if the sound is long.","The Speech sound is usually short and sharp, and there isn't a rhythm.",1,1,,1,Mandarin,Cantonese,English,100,93,85,6,6,15,5,80,7,7,4,4,7,5,5,5,1,5,6,7,1,4,7,7,4,5,7,7,1,7,4,7,4,3,5,6,1,1,7,2,3,1,1,2,1,7,Guitar,41484,0,51,47,16,24,42,79,1,0.486666666666667,0.48,0.48,0.68,0.99999708444099,1.93333333333333,1.93333333333333,1.33333333333333,1.16666666666667,1.03333333333333,1,1.26666666666667,1.66666666666667,1.76666666666667,1.76666666666667
26-Sep-2021 21:35:51,26-Sep-2021 21:45:30,0,100,578,1,26-Sep-2021 21:45:30,R_W2SGEpJkCdlaRQB,anonymous,EN,1,,19,4,"The rhythm and pace of the excerpt","The pace of the excerpt and the breaks/pauses in the audio",1,1,,2,English,Wolof,French,100,97,54,6,12,100,40,28,4,6,4,4,5,6,6,5,2,5,3,5,2,3,5,5,4,6,6,5,5,6,3,4,5,5,5,5,5,5,6,4,3,2,1,2,1,2,Voice,41908,0,34,49,19,32,34,76,1,0.486666666666667,0.426666666666667,0.426666666666667,0.6,0.994299514034873,1.13333333333333,1.5,1.5,1.56666666666667,1.43333333333333,1.03333333333333,1.26666666666667,1.6,1.9,1.93333333333333
26-Sep-2021 21:49:33,26-Sep-2021 21:55:50,0,100,376,1,26-Sep-2021 21:55:50,R_2t98vE4Zk0CVT4K,anonymous,EN,2,,20,2,"Beat","Sound isnt constant. Gaps/shakyness in sound",1,1,,2,English,Bengali,,100,100,,10,,80,20,,3,1,1,1,3,6,6,2,5,1,7,1,7,7,2,5,4,4,1,1,7,5,3,1,1,1,7,3,5,2,2,1,1,1,1,1,1,2,,41576,0,16,27,7,26,13,43,1,0.52,0.566666666666667,0.566666666666667,0.6,0.994120532674421,1.3,1.33333333333333,1.56666666666667,1.73333333333333,1.9,1.16666666666667,1.5,1.4,1.6,1.7
26-Sep-2021 22:29:18,26-Sep-2021 22:36:27,0,100,429,1,26-Sep-2021 22:36:28,R_2bT0LMDFvJvnm1M,anonymous,EN,1,,18,2,"Smooth sounds, no obvious jumps in pitch","More jumps in pitch, variations in noises, volume and length of sounds",1,2,,2,English,Spanish,,93,25,,10,,87,15,,6,6,1,2,6,6,7,7,2,6,3,6,2,2,5,7,2,2,5,6,4,5,2,6,4,5,6,5,5,3,6,5,4,2,1,5,1,2,Voice,41650,0,38,47,24,33,36,83,1,0.52,0.54,0.54,0.72,0.999999985405155,1.9,1.83333333333333,1.53333333333333,1.33333333333333,1.1,1.1,1.2,1.63333333333333,1.73333333333333,1.83333333333333
27-Sep-2021 00:31:41,27-Sep-2021 00:38:16,0,100,394,1,27-Sep-2021 00:38:16,R_padh5BQDrA77jSp,anonymous,EN,1,,19,3,"i wasn't really sure, some just sounded like they could be music","if the sound wasnt just one smooth thing, it was probably speech",1,1,,2,english,igbo,spanish,100,30,20,4,12,100,NaN,,5,5,3,3,5,5,5,5,2,4,3,5,3,4,5,5,3,5,4,5,5,5,3,5,3,5,6,5,4,3,5,1,1,2,1,1,1,7,,41854,0,40,45,11,29,30,67,1,0.416666666666667,0.433333333333333,0.433333333333333,0.54,0.76453178882242,1.26666666666667,1.36666666666667,1.4,1.53333333333333,1.6,1.13333333333333,1.23333333333333,1.43333333333333,1.56666666666667,1.63333333333333
27-Sep-2021 11:42:20,27-Sep-2021 11:46:51,0,100,271,1,27-Sep-2021 11:46:52,R_4UsvcqR6Wwkpjd7,anonymous,EN,1,,19,4,"Some sort of beat/rhythm","The spacing between the sounds as pauses in the speech",1,1,,2,English,,,100,NaN,,NaN,,100,NaN,,4,3,2,6,5,5,4,5,3,4,3,2,1,2,3,5,3,4,4,5,7,5,5,5,6,5,7,5,7,6,6,1,2,1,1,3,1,3,Voice,41893,0,29,41,15,34,28,62,1,0.493333333333333,0.473333333333333,0.473333333333333,0.72,0.999999986769208,1,1.26666666666667,1.5,1.83333333333333,1.76666666666667,1,1.26666666666667,1.76666666666667,1.83333333333333,1.7
27-Sep-2021 12:11:53,27-Sep-2021 12:19:06,0,100,432,1,27-Sep-2021 12:19:06,R_123iXi4V3FfgUuZ,anonymous,EN,2,,20,2,"If it sounded more rhythmic, and or the notes were held out for longer, then I assumed it was music. However, if the beats were much more fast pace, then I also assumed it was music.","If the notes weren't drawn out for a larger duration of time, then I assumed it was speech.",1,1,,1,English,Spanish,,100,70,,12,,92,10,,5,7,4,5,6,7,7,7,1,5,2,6,2,2,6,7,5,7,6,7,1,6,2,7,2,5,3,7,5,2,7,7,5,5,1,1,2,7,Guitar,41536,0,55,55,27,33,41,96,1,0.43,0.393333333333333,0.393333333333333,0.633333333333333,0.999120906775354,1.23333333333333,1.33333333333333,1.4,1.53333333333333,1.46666666666667,1.1,1.13333333333333,1.56666666666667,1.8,1.73333333333333
27-Sep-2021 18:13:38,27-Sep-2021 18:19:23,0,100,345,1,27-Sep-2021 18:19:24,R_qDXwlcOlI4o3PpL,anonymous,EN,1,,21,4,"If there were repetitive pattern and no silent breaks.","If there were quick sounds with a bunch of tiny breaks and no long-held sounds.",1,2,,2,English,,,100,NaN,,NaN,,100,NaN,,5,5,2,6,6,7,3,6,3,6,2,5,2,1,3,6,5,7,5,5,2,7,1,5,3,3,1,5,5,5,7,6,3,2,7,6,1,7,voice,41607,0,41,54,37,33,33,84,1,0.433333333333333,0.4,0.4,0.706666666666667,0.999999723833123,1.56666666666667,1.53333333333333,1.33333333333333,1.4,1.16666666666667,1,1.03333333333333,1.53333333333333,1.86666666666667,1.9
27-Sep-2021 19:05:45,27-Sep-2021 19:10:37,0,100,291,1,27-Sep-2021 19:10:37,R_Ravcko9GFgdpqrT,anonymous,EN,2,,18,4,"Not entirely sure. I think mostly just looking for a beat or rhythm.","I think more chopped-up sounds that still kind of flowed.",1,4,,2,English,Chinese,,100,60,,1,,100,10,,7,7,3,3,6,6,7,4,3,7,2,5,5,2,5,6,3,7,4,5,2,6,3,6,6,5,2,6,3,1,6,7,3,2,5,7,1,7,Violin,41910,0,46,49,35,28,33,85,1,0.513333333333333,0.48,0.48,0.56,0.938686961988469,1.16666666666667,1.5,1.6,1.66666666666667,1.46666666666667,1.16666666666667,1.46666666666667,1.76666666666667,1.56666666666667,1.76666666666667
27-Sep-2021 19:29:30,27-Sep-2021 19:33:52,0,100,261,1,27-Sep-2021 19:33:52,R_3Duorx5LeUQveOz,anonymous,EN,2,,19,5,"It was pleasant to the ear, or was rigid enough for it to be electronic music","It contained a lot of stops and was not just one single sound.",1,2,,1,english,spanish,,99,100,,3,,100,51,,7,7,1,1,4,7,6,5,1,4,4,3,1,7,4,7,7,1,1,7,2,5,5,7,7,6,5,4,1,5,7,1,2,1,1,1,1,3,piano,41763,0,38,40,10,19,36,48,1,0.503333333333333,0.513333333333333,0.513333333333333,0.633333333333333,0.999619500836606,1.33333333333333,1.36666666666667,1.53333333333333,1.7,1.63333333333333,1.1,1.26666666666667,1.73333333333333,1.73333333333333,1.63333333333333
27-Sep-2021 21:49:25,27-Sep-2021 21:57:24,0,100,478,1,27-Sep-2021 21:57:24,R_3MmunNeLWe1aVBU,anonymous,EN,1,,21,4,"When there was a sound that has some gradual change in volume, I assumed it was music. Also, there was a sound where the pitch changes extremely fast which made me assume it was music.","When there was a sound with monotone or with less change of pitch, I assumed it was speech.",1,1,,3,Korean,English,,75,65,0,7,,80,70,,4,4,1,4,5,4,5,3,2,4,3,2,4,1,3,4,6,4,2,2,6,4,1,4,1,3,4,2,4,4,7,5,1,1,1,6,1,7,vocal,41483,0,27,38,25,30,25,67,1,0.476666666666667,0.42,0.42,0.513333333333333,0.648525615120208,1.4,1.63333333333333,1.46666666666667,1.3,1.3,1.73333333333333,1.56666666666667,1.36666666666667,1.46666666666667,1.53333333333333
28-Sep-2021 00:23:22,28-Sep-2021 00:30:06,0,100,404,1,28-Sep-2021 00:30:06,R_2dZtS9JCfWFWT26,anonymous,EN,1,,18,1,"I categorized the sounds into two groups. One that had a lot of shorter sounds and ones that had longer. Most of the music had the longer sounds because music is less choppy than someone speaking","With the two groups mentioned above, the ones with shorter sounds were speech and they tended to vary in volume as well which made me think more of speech because of syllables and words that are a bit more choppy and we have different emphasis on different parts of words which was why in the shorter noises, there was more of a variety in volume.",1,1,,1,English,,,95,NaN,,NaN,,100,NaN,,6,3,1,2,5,6,5,5,3,5,3,5,3,3,5,5,5,7,6,5,2,5,3,4,5,2,3,5,5,3,3,7,4,1,1,7,2,6,Flute,41849,0,39,45,31,26,27,78,1,0.513333333333333,0.473333333333333,0.473333333333333,0.586666666666667,0.986118427701055,1.53333333333333,1.53333333333333,1.43333333333333,1.33333333333333,1.53333333333333,1,1.03333333333333,1.76666666666667,1.96666666666667,2
28-Sep-2021 11:42:09,28-Sep-2021 11:48:43,0,100,393,1,28-Sep-2021 11:48:43,R_PAFvIuqY4P4I0Jb,anonymous,EN,1,,21,3,"to me if the excerpt sounded smooth and long, I visualised it as music","to me if the excerpt sounded choppy I identified it as speech",1,1,,2,English,Malay,,100,51,,1,,100,10,,5,5,3,5,6,6,6,5,2,6,2,6,2,2,5,5,2,6,6,6,3,6,2,6,2,6,2,6,6,5,6,6,3,4,6,6,1,6,voice,41439,0,45,54,34,40,34,94,1,0.483333333333333,0.426666666666667,0.426666666666667,0.82,1,1.86666666666667,1.73333333333333,1.43333333333333,1.03333333333333,1.06666666666667,1,1.06666666666667,1.7,2,1.93333333333333
28-Sep-2021 12:11:55,28-Sep-2021 12:15:37,0,100,221,1,28-Sep-2021 12:15:37,R_2BnQuVP6JpHV7tW,anonymous,EN,1,,19,4,"If it sounded like it had a melody","Lots of broken up feedback, not continuous",1,1,,1,Russian,English,French,100,100,80,7,16,30,65,5,4,3,2,5,6,6,6,4,3,6,2,6,2,3,5,6,2,6,5,4,4,6,3,5,4,6,3,5,6,3,7,7,5,4,7,7,1,4,Piano,41416,0,37,53,37,36,30,88,1,0.48,0.426666666666667,0.426666666666667,0.626666666666667,0.999267158435039,1.36666666666667,1.46666666666667,1.66666666666667,1.3,1.33333333333333,1.06666666666667,1.2,1.73333333333333,1.8,1.86666666666667
28-Sep-2021 19:30:51,28-Sep-2021 19:40:52,0,100,601,1,28-Sep-2021 19:40:53,R_1C2eOmXMG4RNnha,anonymous,EN,1,,19,5,"The smooth flow of the sound","The sound has choppy flow",1,1,,1,Vietnamese,English,,90,74,,6,,57,100,,5,5,1,6,5,5,5,4,1,6,3,5,3,4,5,5,3,6,4,5,5,5,3,5,5,4,3,3,5,3,7,6,6,5,1,6,2,2,piano,41729,0,33,45,30,33,33,83,1,0.596666666666667,0.64,0.64,0.54,0.726818498762619,1.63333333333333,1.93333333333333,1.66666666666667,1.5,1.46666666666667,1.4,1.5,1.53333333333333,1.7,1.63333333333333
28-Sep-2021 20:21:00,28-Sep-2021 20:31:48,0,100,648,1,28-Sep-2021 20:31:48,R_2PzKVBKIBfJnitX,anonymous,EN,1,,18,2,"The music was more Legato","The speech was more Staccato",1,1,,1,english,,,100,NaN,,NaN,,100,NaN,,7,7,3,6,6,7,7,7,1,7,2,7,1,1,7,7,1,7,7,7,3,7,1,7,2,7,2,7,5,7,7,6,6,5,5,5,2,5,voice,41611,0,53,61,37,45,42,110,1,0.543333333333333,0.46,0.46,0.5,0.495794507034638,1.4,1.46666666666667,1.5,1.4,1.53333333333333,1.26666666666667,1.56666666666667,1.7,1.8,1.8
28-Sep-2021 20:30:46,28-Sep-2021 20:39:33,0,100,527,1,28-Sep-2021 20:39:34,R_22QzZfoOxQ50SBI,anonymous,EN,1,,19,5,"harmony in the sounds or gently changing tones","tone changing abruptly",1,4,,3,english,urdu,,100,80,,1,,100,12,,2,7,1,2,4,4,5,3,2,4,1,2,5,2,2,5,4,3,3,5,7,5,3,4,3,3,7,5,4,1,2,1,1,2,1,1,1,3,drums,42081,0,23,36,12,25,28,53,1,0.506666666666667,0.473333333333333,0.473333333333333,0.6,0.994404568564103,1.33333333333333,1.53333333333333,1.56666666666667,1.4,1.53333333333333,1.16666666666667,1.43333333333333,1.66666666666667,1.8,1.63333333333333
28-Sep-2021 20:51:23,28-Sep-2021 21:01:37,0,100,614,1,28-Sep-2021 21:01:38,R_2OPaTzAsWydtemA,anonymous,EN,1,,20,4,"rhythm & strength variety","tone, speed, dynamics",1,1,,1,Korean,English,Chinese,100,90,36,4,15,45,50,5,5,6,2,4,6,7,7,5,1,7,2,6,6,2,5,7,2,6,6,7,4,7,1,6,2,6,2,6,5,3,7,1,6,1,3,5,2,3,voice,41496,0,37,53,29,38,40,93,1,0.393333333333333,0.393333333333333,0.393333333333333,0.666666666666667,0.999869525048377,1.73333333333333,1.53333333333333,1.36666666666667,1.16666666666667,1.16666666666667,1.5,1.66666666666667,1.46666666666667,1.23333333333333,1.1
28-Sep-2021 22:11:55,28-Sep-2021 22:20:00,0,100,485,1,28-Sep-2021 22:20:00,R_20UMGv1jrensHle,anonymous,EN,1,,18,3,"Rythm and beat","The beat of what sounded like someone speaking",1,1,,3,Spanish,English,Korean,100,100,50,5,1,100,100,65,5,5,3,5,5,6,5,5,4,4,3,5,3,3,4,5,4,5,5,5,4,5,3,5,4,5,4,4,4,5,5,4,4,3,2,5,3,4,Cello,41837,0,37,46,27,31,29,78,0.916666666666667,0.55,0.493333333333333,0.493333333333333,0.646666666666667,0.999827481742906,1.16666666666667,1.63333333333333,1.7,1.56666666666667,1.4,1.13333333333333,1.56666666666667,1.86666666666667,1.83333333333333,1.63333333333333
28-Sep-2021 22:32:45,28-Sep-2021 22:36:17,0,100,211,1,28-Sep-2021 22:36:17,R_W2tGKBjhXjyPECR,anonymous,EN,4,,18,5,"Slow songs","Not too fast",1,1,,1,Korean,English,None,92,90,,2,0,99,98,,7,7,2,6,6,6,5,4,7,5,4,5,5,4,6,5,6,4,5,6,6,6,2,7,7,6,6,5,6,5,5,1,4,3,2,3,1,7,,41738,0,43,46,17,30,29,75,0.916666666666667,0.403333333333333,0.486666666666667,0.486666666666667,0.553333333333333,0.823996097886237,1.36666666666667,1.36666666666667,1.5,1.6,1.6,1.3,1.46666666666667,1.26666666666667,1.26666666666667,1.3
28-Sep-2021 23:33:09,28-Sep-2021 23:41:30,0,100,501,1,28-Sep-2021 23:41:31,R_1dB5kPpl8V3aNFV,anonymous,EN,2,,19,2,"Smooth flowing, not too choppy.","More choppy, not too smooth.",1,4,,1,Chinese,English,,100,100,,10,,25,75,,7,6,2,5,6,6,7,7,2,7,1,7,1,1,7,7,1,7,7,7,5,7,1,6,2,7,6,6,6,6,6,5,4,1,6,7,2,5,Piano,41492,0,44,61,33,44,39,101,1,0.58,0.586666666666667,0.586666666666667,0.786666666666667,0.999999999998919,2,2,1.63333333333333,1.23333333333333,1.06666666666667,1,1.36666666666667,1.9,1.93333333333333,1.66666666666667
